"testTypeId","questionText","optionA","optionB","optionC","optionD","correctAnswer","explanation","cefrLevel","difficulty","testSetId","conversation"
"focus-form","Waiter: Who asked for eggs and coffee?Customer: I ___ .","did","got","took","made","A","ใช้ did แทนคำกริยา asked ใน past tense เพื่อระบุว่า 'ฉันเป็นคนสั่งไข่และกาแฟเอง'","A2","medium","15",""[{""speaker"":""Waiter"",""text"":""Who asked for eggs and coffee?""},{""speaker"":""Customer"",""text"":""I ___ .""}]""
"focus-form","Man: Do you ___ an apple?Woman: Yes, please.","want","wants","to want","wanting","A","ประโยคคำถาม Present Simple ที่ขึ้นต้นด้วย Do ต้องตามด้วยกริยาช่อง 1 ที่ไม่ผัน (Infinitive)","A2","medium","15",""[{""speaker"":""Man"",""text"":""Do you ___ an apple?""},{""speaker"":""Woman"",""text"":""Yes, please.""}]""
"focus-form","Woman: How far is ___ to the bus stop?Man: Only about a five minute walk.","it","that","this","there","A","ใช้สรรพนาม It ในการกล่าวถึงการลากหรือระยะทาง (ตัวอย่างนี้คือระยะทางไปป้ายรถเมล์)","A2","medium","15",""[{""speaker"":""Woman"",""text"":""How far is ___ to the bus stop?""},{""speaker"":""Man"",""text"":""Only about a five minute walk.""}]""
"focus-form","Woman: How far is ___ to Times Square?Man: You only have to walk about 10 blocks, I think.","it","that","there","this","A","ใช้สรรพนาม It ในการระบุระยะทางคล้ายกับข้อก่อนหน้า รูปประโยคชี้วัดระยะทาง","A2","medium","15",""[{""speaker"":""Woman"",""text"":""How far is ___ to Times Square?""},{""speaker"":""Man"",""text"":""You only have to walk about 10 blocks, I think.""}]""
"focus-form","Man: What are you going to do with all of those apples?Woman: I think ___ a cake.Man: What a great idea!","I make","I'll make","I've made","I was making","B","ใช้ I'll make (will) สำหรับการตัดสินใจเรื่องอนาคตที่จะคิดหรือทำในขณะที่พูดทันที หรือสังเกตจากคำว่า I think","A2","medium","15",""[{""speaker"":""Man"",""text"":""What are you going to do with all of those apples?""},{""speaker"":""Woman"",""text"":""I think ___ a cake.""},{""speaker"":""Man"",""text"":""What a great idea!""}]""
"focus-form","Man: Excuse me – where’s the passport office?Woman: It’s down the street ___ the right, next to the park.","by","on","of","at","B","บุพบทบอกตำแหน่ง 'ด้านซ้าย/ด้านขวา' จะใช้คู่กับ on เสมอ (เช่น on the right, on the left)","A2","medium","15",""[{""speaker"":""Man"",""text"":""Excuse me – where’s the passport office?""},{""speaker"":""Woman"",""text"":""It’s down the street ___ the right, next to the park.""}]""
"focus-form","Man: Did you watch the basketball game last night?Woman: Yes! It was ___ an exciting game.","so","that","very","such","D","คำว่า such จะใช้นำหน้า a/an + adjective + noun เพื่อเน้นย้ำว่าเป็น...ที่มาก (such an exciting game)","A2","medium","15",""[{""speaker"":""Man"",""text"":""Did you watch the basketball game last night?""},{""speaker"":""Woman"",""text"":""Yes! It was ___ an exciting game.""}]""
"focus-form","Woman: Do you want your coffee with ___ without milk?Man: With milk, please.","or","for","but","and","A","เป็นตัวเลือกสองทาง (ถามว่าจะใส่นม หรือ ไม่ใส่) ใช้ or เพื่อเชื่อมในความหมายว่า 'หรือ'","A2","medium","15",""[{""speaker"":""Woman"",""text"":""Do you want your coffee with ___ without milk?""},{""speaker"":""Man"",""text"":""With milk, please.""}]""
"focus-form","Teacher: Have you read many novels this year?Student: No, I haven't read ___ .","some","none","few","any","D","ในประโยคปฏิเสธ (haven't) จะใช้ any แทน some เพื่อสื่อความว่า 'ไม่เลย'","A2","medium","15",""[{""speaker"":""Teacher"",""text"":""Have you read many novels this year?""},{""speaker"":""Student"",""text"":""No, I haven't read ___ .""}]""
"focus-form","Woman: Look! There's Jack.Man: Wow! I haven't seen him ___ years.","in","from","since","during","A","in years เป็นสำนวนแปลว่า 'เป็นเวลาหลายปี' ใช้เหมือน for years (หมายความว่าไม่ได้เจอกันมาหลายปีแล้ว)","A2","medium","15",""[{""speaker"":""Woman"",""text"":""Look! There's Jack.""},{""speaker"":""Man"",""text"":""Wow! I haven't seen him ___ years.""}]""
"focus-form","John Jones lives in ___ the United States with his wife, Mary.","at","in","on","to","B","สหรัฐอเมริกา (the United States) เป็นประเทศ เมื่อใช้บอกสถานที่ในระดับประเทศเราจะบุพบท in","A2","medium","15",""
"focus-form","John Jones lives in the United States with ___ wife, Mary.","his","her","their","our","A","สรรพนามแสดงความเป็นเจ้าของที่แสดงถึง 'จอห์น (ผู้ชาย)' คือ his (เขา)","A2","medium","15",""
"focus-form","They ___ two children, Sally and Billy.","has","have","had","having","B","They เป็นประธานพหูพจน์ กริยาที่ใช้ตามด้วยรูป present simple ต้องเป็น have","A2","medium","15",""
"focus-form","Sally ___ Billy are their children.","but","and","or","because","B","เป็นการรวมชื่อสองคน (แซลลี่และบิลลี่) จึงต้องใช้ and ที่แปลว่า 'และ' มาเชื่อม","A2","medium","15",""
"focus-form","The Jones family spends a lot ___ time together on the weekends.","for","on","of","with","C","คำว่า a lot จะตามด้วยบุพบท of เป็น a lot of + คำนาม แปลว่า จำนวนมาก","A2","medium","15",""
"focus-form","The family often goes ___ the park.","at","to","in","on","B","คำว่าไปที่...มักจะใช้รูปแบบ go to + สถานที่เป้าหมาย","A2","medium","15",""
"focus-form","Mary likes to sit ___ a park bench and watch her family.","at","in","on","to","C","คำว่านั่งอยู่ 'บน' ม้านั่ง จะใช้ on (บนพื้นผิวบางอย่าง)","A2","medium","15",""
"focus-form","Sometimes she ___ a piece of bread to give to the birds.","take","takes","taking","took","B","ประธานคือ Mary เลี่ยงให้เป็น she เป็นประธานเอกพจน์ กริยาที่เติมจึงต้องผันตัวตามเติม s หรือ es","A2","medium","15",""
"focus-form","People do ___ want flies around their houses.","not","no","never","none","A","เพื่อทำ do ให้เป็นประโยคปฏิเสธ ต้องตามด้วย not","A2","medium","15",""
"focus-form","The best way to reduce the fly population is ___ find where their food comes from.","for","to","at","by","B","เพื่อขยายเป้าหมายว่าเป็น 'วิธีที่จะหา...'(to find) จึงต้องใส่ to เชื่อมข้างหน้าของกริยาช่องที่ 1","A2","medium","15",""
"focus-form","Their food comes from ___ to remove it.","try","trying","tried","tries","B","หลังคำบุพบท from จะต้องตามด้วยคำนาม หรือกริยาที่เติม -ing (Gerund) เพื่อแสดความหมายว่าเป็น 'มาจากการพยายามที่จะ...'","A2","medium","16",""
"focus-form","___ this doesn't work, you can try hanging clear plastic bags.","Because","If","When","Although","B","If ใช้บอกเงื่อนไขแปลว่า 'ถ้า...' (ถ้าสิ่งนี้ไม่ได้ผล คุณก็ลองแบบนี้...)","A2","medium","16",""
"focus-form","Plastic bags ___ are filled with water hang over the door.","what","who","that","where","C","that ใช้แทนคำว่าถุงพลาสติก (Plastic bags) ซึ่งใช้เป็นนามที่ถูกขยายต่อด้วย relative clause","A2","medium","16",""
"focus-form","Nobody knows exactly ___ this works.","when","what","why","which","C","แปลตรงตัว why คือ ทำไม รูปประโยคจะสมบูรณ์คือ ไม่มีใครรู้ชัดว่า'ทำไม'สิ่งนี้ถึงเวิร์ก","A2","medium","16",""
"focus-form","Man: Where’s Billy?Woman: He’s ___ his bedroom, I think.","in","on","under","between","A","การบอกตำแหน่งอยู่ด้าน 'ในห้อง' หรือสิ่งที่มีขอบเขต จะใช้บุพบท in","A2","medium","16",""[{""speaker"":""Man"",""text"":""Where’s Billy?""},{""speaker"":""Woman"",""text"":""He’s ___ his bedroom, I think.""}]""
"focus-form","Man: How many goals ___ scored in the soccer game yesterday?Woman: Only one, I think.","are","were","have been","were being","B","การถามจำนวนรูปในอดึต ถูกกระทำ ( Passive Voice: ถูกทำประตู) goals เป็นพหูพจน์ใช้ were","A2","medium","16",""[{""speaker"":""Man"",""text"":""How many goals ___ scored in the soccer game yesterday?""},{""speaker"":""Woman"",""text"":""Only one, I think.""}]""
"focus-form","Man: Do you want to go running or swimming this weekend?Woman: ___ is fine with me.","All","Both","Every","Either","D","ตัวเลือกให้เลือกระหว่าง A หรือ B สามารถตอบกลับด้วย Either (อันไหนก็ได้/ได้อย่างใดอย่างหนึ่ง)","A2","medium","16",""[{""speaker"":""Man"",""text"":""Do you want to go running or swimming this weekend?""},{""speaker"":""Woman"",""text"":""___ is fine with me.""}]""
"focus-form","Girl: Good news. My mother let me ___ at school until five today.Boy: That’s good. We can study for our test together.","stay","stayed","to stay","staying","A","โครงสร้าง let + someone + กริยาช่อง 1 (ไม่ผันและไม่เติม to) มีความหมายว่าอนุญาตให้อีกฝ่ายทำบางอย่าง","A2","medium","16",""[{""speaker"":""Girl"",""text"":""Good news. My mother let me ___ at school until five today.""},{""speaker"":""Boy"",""text"":""That’s good. We can study for our test together.""}]""
"focus-form","Man: This is ___ great picture.Woman: Yes, it is.","a","the","some","an","A","ใช้ Article 'a' เพื่อกล่าวนำหน้าคำนามเอกพจน์ (picture) ที่ใช้คำขยายต้นแบบ consonant sound","A2","medium","16",""[{""speaker"":""Man"",""text"":""This is ___ great picture.""},{""speaker"":""Woman"",""text"":""Yes, it is.""}]""
"focus-form","Man: Is this David’s phone?Woman: Yes, it is ___ phone.","him","his","he","himself","B","เมื่อกล่าวถึง David ซึ่งเป็นผู้ชาย จึงใช้ possession adjective ว่า his (ของเขา)","A2","medium","16",""[{""speaker"":""Man"",""text"":""Is this David’s phone?""},{""speaker"":""Woman"",""text"":""Yes, it is ___ phone.""}]""
"focus-form","Woman: Do you live with your parents?Man: No, I live by ___.","my own","me","myself","mine","C","by myself มีความหมายว่าทำทุกอย่างด้วยตนเอง หรือพักอยู่ด้วยตนเอง (คนเดียว)","A2","medium","16",""[{""speaker"":""Woman"",""text"":""Do you live with your parents?""},{""speaker"":""Man"",""text"":""No, I live by ___.""}]""
"focus-form","Server: Would you like ___ dessert?Customer: No, thank you. I'm full.","some","a","any","the","A","เรามักใช้ some กับประโยคคำถามเพื่อการเสนอสิ่งต่างๆ ให้กับอีกฝ่ายอย่างสุภาพ (เช่น อาหารเครื่องดื่ม)","A2","medium","16",""[{""speaker"":""Server"",""text"":""Would you like ___ dessert?""},{""speaker"":""Customer"",""text"":""No, thank you. I'm full.""}]""
"focus-form","Woman: Can I borrow a pen?Man: Sorry! I ___ have one.","can’t","won’t","don’t","didn’t","C","ประโยคปฏิเสธรูป present tense กับ I/You/We/They จะใช้ don't (do not)","A2","medium","16",""[{""speaker"":""Woman"",""text"":""Can I borrow a pen?""},{""speaker"":""Man"",""text"":""Sorry! I ___ have one.""}]""
"focus-form","Woman: ___ did you get home last night?Man: I got a taxi.","What","When","Where","How","D","ถามวิธีการกลับบ้าน (How = อย่างไร) ในประโยคใช้กับการเดินทา่งเป็นแท็กซี่","A2","medium","16",""[{""speaker"":""Woman"",""text"":""___ did you get home last night?""},{""speaker"":""Man"",""text"":""I got a taxi.""}]""
"focus-form","Man: Are ___ any bananas on the table?Woman: I'm sorry, I ate the last one.","they","this","it","there","D","การถามว่า 'มีไหม' ใช้โครงสร้าง Are there... กับพหูพจน์ ส่วน if singular you use Is there...","A2","medium","16",""[{""speaker"":""Man"",""text"":""Are ___ any bananas on the table?""},{""speaker"":""Woman"",""text"":""I'm sorry, I ate the last one.""}]""
"focus-form","Woman: Please ___ talk on your phone in this area, sir.Man: I'm sorry. I will go outside.","no","not","isn’t","don’t","D","การขอร้องห้ามไม่ให้ทำบางอย่างใช้ please + don't + กริยา (ช่อง 1)","A2","medium","16",""[{""speaker"":""Woman"",""text"":""Please ___ talk on your phone in this area, sir.""},{""speaker"":""Man"",""text"":""I'm sorry. I will go outside.""}]""
"focus-form","Man: Where did you go on vacation?Woman: We went to Florida, and we ___ a great time.","did","had","took","made","B","ตอบคำถามในอดีต (did you go...) และคำว่า 'had a great time' มีความหมายว่าได้รับความสนุกสนาน/ช่วงเวลาดีๆในอดีต","A2","medium","16",""[{""speaker"":""Man"",""text"":""Where did you go on vacation?""},{""speaker"":""Woman"",""text"":""We went to Florida, and we ___ a great time.""}]""
"focus-form","Man: Whose is that fantastic car?Woman: Actually, it’s ___.Man: Lucky you.","theirs","mine","yours","hers","B","ระบุว่า 'ของฉัน' โดดๆ โดยไม่ต้องมีคำนามตามหลัง ใช้ สรรพนาม mine","A2","medium","16",""[{""speaker"":""Man"",""text"":""Whose is that fantastic car?""},{""speaker"":""Woman"",""text"":""Actually, it’s ___.""},{""speaker"":""Man"",""text"":""Lucky you.""}]""
"focus-form","Woman: I’ll be back in the office early on Monday.Man: Right. ___ a good weekend, then.","get","have","take","make","B","คำอวยพรให้มีช่วงเวลาดีๆ นิยมใช้ have เช่น Have a good weekend, have a good day","A2","medium","16",""[{""speaker"":""Woman"",""text"":""I’ll be back in the office early on Monday.""},{""speaker"":""Man"",""text"":""Right. ___ a good weekend, then.""}]""
"focus-form","Woman: Sorry I didn't make it to the party.Man: What happened?Woman: Oh, I ___ really ill so I couldn’t go.","feel","felt","feels","feeling","B","ประโยคอธิบายว่าป่วยเมื่อวันก่อนหน้า เป็นเรื่องอดีต ใช้ felt เป็นอดีตของคำว่า feel","A2","medium","16",""[{""speaker"":""Woman"",""text"":""Sorry I didn't make it to the party.""},{""speaker"":""Man"",""text"":""What happened?""},{""speaker"":""Woman"",""text"":""Oh, I ___ really ill so I couldn’t go.""}]""
"focus-form","Man: Are you looking forward ___ your holiday next week?Woman: Yes, I can't wait.","in","to","at","for","B","look forward to เป็นอารมณ์ของการ 'ตั้งตาคอย' เป็นกริยาวลีที่ใช้ to ขยาย","A2","medium","17",""[{""speaker"":""Man"",""text"":""Are you looking forward ___ your holiday next week?""},{""speaker"":""Woman"",""text"":""Yes, I can't wait.""}]""
"focus-form","Man: Whose is that money on the table?Woman: It’s ___. I forgot that I left it there last night.","his","mine","ours","yours","B","mine แทนบอกว่าเงินนั้นเป็น 'ของฉัน' ซึ่งย้ำในประโยคหลังว่าฉันลืมทิ้งมันไว้เอง","A2","medium","17",""[{""speaker"":""Man"",""text"":""Whose is that money on the table?""},{""speaker"":""Woman"",""text"":""It’s ___. I forgot that I left it there last night.""}]""
"focus-form","Man: Do you know Teresa?Woman: Yes, I met her a couple of months ___.","ago","past","away","since","A","การบอกเรื่องราวในอดีตโดยเจาะจงเวลามานานแค่ไหนแล้วจะใช้คำว่า ago (ผ่านพ้นมาแล้ว)","A2","medium","17",""[{""speaker"":""Man"",""text"":""Do you know Teresa?""},{""speaker"":""Woman"",""text"":""Yes, I met her a couple of months ___.""}]""
"focus-form","Boy: Shall we go to the movie tonight?Girl: No, we ___ finish our homework first. It has to be in tomorrow.","might","would","could","should","D","should มีความหมายว่า 'ควรจะ' เพื่อเป็นคำแนะนำตัวที่ต้องเร่งทำสิ่งใดสิ่งหนึ่ง","A2","medium","17",""[{""speaker"":""Boy"",""text"":""Shall we go to the movie tonight?""},{""speaker"":""Girl"",""text"":""No, we ___ finish our homework first. It has to be in tomorrow.""}]""
"focus-form","Girl: What did you give your little brother for his birthday?Boy: A toy train ___ chocolate.","filled","done","made","covered","C","ใช้คำว่า made of chocolate แต่ในประโยคเขียนมาแค่ made ก็เพื่อระบุว่าถูกทำ (สร้าง) มาจากช็อกโกแลต","A2","medium","17",""[{""speaker"":""Girl"",""text"":""What did you give your little brother for his birthday?""},{""speaker"":""Boy"",""text"":""A toy train ___ chocolate.""}]""
"focus-form","Boy: What have you done to your leg?Girl: Oh, I fell over yesterday and it ___ hurts now.","so","very","quite","really","D","really เป็นคำกริยาวิเศษณ์ใชัขยายความหมายของ hurt ชี้ให้เห็นว่าเจ็บ 'จริงๆ' (แบบมาก)","A2","medium","17",""[{""speaker"":""Boy"",""text"":""What have you done to your leg?""},{""speaker"":""Girl"",""text"":""Oh, I fell over yesterday and it ___ hurts now.""}]""
"focus-form","Woman: I can’t afford to go away on holiday this year.Man: What ___ instead?Woman: I'm not quite sure yet.","do you do","will you do","have you do","were you doing","B","will you do ถามเกี่ยวกับแผนการในการตัดสินใจ ณ ปัจจุบันสำหรับเหตุการณ์ในอนาคต","A2","medium","17",""[{""speaker"":""Woman"",""text"":""I can’t afford to go away on holiday this year.""},{""speaker"":""Man"",""text"":""What ___ instead?""},{""speaker"":""Woman"",""text"":""I'm not quite sure yet.""}]""
"focus-form","Man: Does it cost ___ to fly from London to Edinburgh?Woman: I think it's cheaper if you book on the Internet.","many","much","a few","a lot of","B","ราคา หรือเงิน ถือเป็นคำนามนับไม่ได้ ใช้ much","A2","medium","17",""[{""speaker"":""Man"",""text"":""Does it cost ___ to fly from London to Edinburgh?""},{""speaker"":""Woman"",""text"":""I think it's cheaper if you book on the Internet.""}]""
"focus-form","Man: What do you think of Maria?Woman: Well, she struck me ___ very pleasant.","so","as","for","like","B","วลี strike someone as แปลว่า ให้ความประทับใจแว่า... หรือรู้สึกว่าเป้นคนลักษณะ... ","A2","medium","17",""[{""speaker"":""Man"",""text"":""What do you think of Maria?""},{""speaker"":""Woman"",""text"":""Well, she struck me ___ very pleasant.""}]""
"focus-form","Husband: Has Sam said anything about when I should pick him up from the airport?Wife: Yes. He said ___ you at the airport at five o’clock.","he met","he meets","he’s met","he’d meet","D","ใน Reported speech รูปในอดีต (said) ทำให้ we will เปลี่ยนเป็น he'd (would) meet","A2","medium","17",""[{""speaker"":""Husband"",""text"":""Has Sam said anything about when I should pick him up from the airport?""},{""speaker"":""Wife"",""text"":""Yes. He said ___ you at the airport at five o’clock.""}]""
"focus-form","Boy: Do you like playing this computer game?Girl: No, ___ boring. Shall we choose something else to play?","they’re","it’s","that’s","this is","B","สรรพนามอ้างอิงถึง this computer game ในประโยคคือการใช้ It","A2","medium","17",""[{""speaker"":""Boy"",""text"":""Do you like playing this computer game?""},{""speaker"":""Girl"",""text"":""No, ___ boring. Shall we choose something else to play?""}]""
"focus-form","Woman: How many children ___ you got?Man: Three. Two girls and a boy.","do","did","have","are","C","ใช้ Have ... got ในรูปประโยคแบบอังกฤษ-อังกฤษ แทนแบบ Have ได้เลยแปลว่ามี","A2","medium","17",""[{""speaker"":""Woman"",""text"":""How many children ___ you got?""},{""speaker"":""Man"",""text"":""Three. Two girls and a boy.""}]""
"focus-form","Man: Do you want to come with me to the supermarket?Woman: No, thanks. I don't need ___.","it","something","one","anything","D","การใช้โครงสร้างปฏิเสธ จะใช้ anything เพื่อบอกว่าไม่ได้ต้องการ 'อะไรเลย'","A2","medium","17",""[{""speaker"":""Man"",""text"":""Do you want to come with me to the supermarket?""},{""speaker"":""Woman"",""text"":""No, thanks. I don't need ___.""}]""
"focus-form","Woman: Can I borrow a pen?Man: Sorry, I ___ have one.","didn't","haven't got","won't","don't","D","ปัจจุบันปฏิเสธที่เข้ากับสรรพนาม I คือคำว่า don't","A2","medium","17",""[{""speaker"":""Woman"",""text"":""Can I borrow a pen?""},{""speaker"":""Man"",""text"":""Sorry, I ___ have one.""}]""
"focus-form","Girl: Could I ___ your pen for a minute?Boy: Yeah, sure!","borrow","borrowed","lend","lent","A","คำว่า ขอยืม ใช้ borrow (ส่วน lend คือให้ยืม)","A2","medium","17",""[{""speaker"":""Girl"",""text"":""Could I ___ your pen for a minute?""},{""speaker"":""Boy"",""text"":""Yeah, sure!""}]""
"focus-form","Boy: Do you eat brown bread?Girl: Not really. I ___ white better.","like","want","prefer","eat","A","เลือกสิ่งที่ชอบกว่า ใช้ like...better หรือ prefer","A2","medium","17",""[{""speaker"":""Boy"",""text"":""Do you eat brown bread?""},{""speaker"":""Girl"",""text"":""Not really. I ___ white better.""}]""
"focus-form","Man: ___ wrong?Woman: I don't feel very well.","How’s","What’s","Are you","What’s the","B","What's wrong? เป็นการถามไถ่ว่าเกิดอะไรขึ้น เป็นอะไรหรือเปล่า","A2","medium","17",""[{""speaker"":""Man"",""text"":""___ wrong?""},{""speaker"":""Woman"",""text"":""I don't feel very well.""}]""
"focus-form","Woman: I always travel by bus.Man: Why?Woman: Because it’s ___ than the train.","much cheaper","as cheap","more cheap","cheap","A","ใชัรูปขั้นกว่าของ cheap อย่าง cheaper เพื่อแสดงให้เห็นภาพเปรียบเทียบ ส่วน much เน้นว่ามากกว่าเยอะ","A2","medium","17",""[{""speaker"":""Woman"",""text"":""I always travel by bus.""},{""speaker"":""Man"",""text"":""Why?""},{""speaker"":""Woman"",""text"":""Because it’s ___ than the train.""}]""
"focus-form","Man: Is Anna here today?Woman: No, ___ at home on Tuesdays.","she is working","she would work","she works","she work","C","เป็นกำหนดเวลาตายตัวหรือกิจวัตรในทุกๆ วันอังคาร ใช้ present simple: she works","A2","medium","17",""[{""speaker"":""Man"",""text"":""Is Anna here today?""},{""speaker"":""Woman"",""text"":""No, ___ at home on Tuesdays.""}]""
"focus-form","Woman: ___ do you do?Man: I'm a chef in a French restaurant.","How","Where","What","Whose","C","ถามถึงอาชีพ นิยมใช้ 'What do you do?'","A2","medium","17",""[{""speaker"":""Woman"",""text"":""___ do you do?""},{""speaker"":""Man"",""text"":""I'm a chef in a French restaurant.""}]""
"focus-form","Girl: Is Sam ___ than you now?Boy: Yes. He's grown a lot recently.","taller","the tallest","more taller","tall","A","ใช้ taller เป็นการเปรียบเทียบระดับขั้นกว่า คู่กับคำว่า than","A2","medium","18",""[{""speaker"":""Girl"",""text"":""Is Sam ___ than you now?""},{""speaker"":""Boy"",""text"":""Yes. He's grown a lot recently.""}]""
"focus-form","Woman: Where did you get that book?Man: Peter gave it to ___ yesterday.","me","my","mine","myself","A","กรรมมารองรับกริยา give/gave คือ me (ยืมให้ 'ฉัน')","A2","medium","18",""[{""speaker"":""Woman"",""text"":""Where did you get that book?""},{""speaker"":""Man"",""text"":""Peter gave it to ___ yesterday.""}]""
"focus-form","Boy: When ___ George start learning Spanish?Girl: About two years ago, I think.","did","will","was","does","A","ถามเกี่ยวกับอดีต ใช้ Verb ช่วยช่องสอง คือ did ","A2","medium","18",""[{""speaker"":""Boy"",""text"":""When ___ George start learning Spanish?""},{""speaker"":""Girl"",""text"":""About two years ago, I think.""}]""
"focus-form","Woman: Would you like another coffee?Man: No thanks, I’ve had ___.","any","some","much","enough","D","พอแล้วไม่ต้องการเพิ่ม ใช้ enough","A2","medium","18",""[{""speaker"":""Woman"",""text"":""Would you like another coffee?""},{""speaker"":""Man"",""text"":""No thanks, I’ve had ___.""}]""
"focus-form","Girl: What are your plans for the weekend?Boy: I ___ to the cinema with Kirsty.","go","went","will going","am going","D","เพื่อบอกแผนที่ตัดสินใจและเตรียมการไปแล้ว ใช้ present continuous (am + V.ing)","A2","medium","18",""[{""speaker"":""Girl"",""text"":""What are your plans for the weekend?""},{""speaker"":""Boy"",""text"":""I ___ to the cinema with Kirsty.""}]""
"focus-form","Man: How long have you been in Australia?Woman: Two months.Man: And do you ___ it in Sydney?","like","live","love","stay","A","ต้องการถามความชื่นชอบต่อเมือง ใช้คำว่า like it in ...","A2","medium","18",""[{""speaker"":""Man"",""text"":""How long have you been in Australia?""},{""speaker"":""Woman"",""text"":""Two months.""},{""speaker"":""Man"",""text"":""And do you ___ it in Sydney?""}]""
"focus-form","Woman: I always look forward to the summer holidays.Man: So ___ I.","do","am","can","have","A","เมื่อเห็นด้วยกับประโยคบอกเล่ากริยา present จะตอบด้วย So do I","A2","medium","18",""[{""speaker"":""Woman"",""text"":""I always look forward to the summer holidays.""},{""speaker"":""Man"",""text"":""So ___ I.""}]""
"focus-form","Woman: I’m going to the mountains at the weekend, but I haven't got any climbing boots.Man: Oh, do you want to borrow ___?","my","me","mine","mines","C","ใช้ mine (แปลว่า ของฉัน) แทนได้เพื่อไม่ต้องกล่าวนามนั้นซ้ำสอง","A2","medium","18",""[{""speaker"":""Woman"",""text"":""I’m going to the mountains at the weekend, but I haven't got any climbing boots.""},{""speaker"":""Man"",""text"":""Oh, do you want to borrow ___?""}]""
"focus-form","Waiter: Who ordered the soft drink?Man: I did.Waiter: ___ . Enjoy!","Right","Here you are","Who is it?","There","B","เมื่อมีคำถามและต้องการนำไปเสิร์ฟ/มาให้ พนักงานเสิร์ฟจะบอกว่า Here you are.","A2","medium","18",""[{""speaker"":""Waiter"",""text"":""Who ordered the soft drink?""},{""speaker"":""Man"",""text"":""I did.""},{""speaker"":""Waiter"",""text"":""___ . Enjoy!""}]""
"focus-form","Woman: You look a bit stressed. What’s the matter?Man: I’m worried ___ my job interview next week.","to","for","of","about","D","วิตกกังวลมักใช้คู่กับ worried about + สิ่งนั้น","A2","medium","18",""[{""speaker"":""Woman"",""text"":""You look a bit stressed. What’s the matter?""},{""speaker"":""Man"",""text"":""I’m worried ___ my job interview next week.""}]""
"focus-form","Woman: How far is ___ to the bus stop?Man: Just a couple of blocks away.","it","that","this","there","A","ถามระยะทาง ใช้โครงสร้าง How far is it?","A2","medium","18",""[{""speaker"":""Woman"",""text"":""How far is ___ to the bus stop?""},{""speaker"":""Man"",""text"":""Just a couple of blocks away.""}]""
"focus-form","Man: What did you think of Paul’s girlfriend?Woman: I thought she was ___ nice, but she talks all the time.","much","quite","some","enough","B","ใช้ quite เป็นเชิงขยาย แปลว่า 'ค่อนข้างดีทีเดียว'","A2","medium","18",""[{""speaker"":""Man"",""text"":""What did you think of Paul’s girlfriend?""},{""speaker"":""Woman"",""text"":""I thought she was ___ nice, but she talks all the time.""}]""
"focus-form","Man: These two coats look the same. Which one is yours?Woman: I think mine’s the one ___ the right.","to","in","for","on","D","ระบุด้านบน-ซ้าย มักใช้ on right, on the left","A2","medium","18",""[{""speaker"":""Man"",""text"":""These two coats look the same. Which one is yours?""},{""speaker"":""Woman"",""text"":""I think mine’s the one ___ the right.""}]""
"focus-form","Girl: How often do you play football?Boy: Actually, I ___ play football.","often","never","always","usually","B","คำว่า Actually แปลว่า ที่จริงแล้ว... ทำให้ความหมายมักตรงข้ามกัน จึงตอบว่า 'ไม่เคย' (never)","A2","medium","18",""[{""speaker"":""Girl"",""text"":""How often do you play football?""},{""speaker"":""Boy"",""text"":""Actually, I ___ play football.""}]""
"focus-form","Man: Do you spell your name with ___ without an “e”?Woman: It’s Anne with an “e”.","or","for","but","and","A","ให้เลือกทางใดทางหนึ่ง ให้ใช้การเชื่อมว่า or (หรือ)","A2","medium","18",""[{""speaker"":""Man"",""text"":""Do you spell your name with ___ without an “e”?""},{""speaker"":""Woman"",""text"":""It’s Anne with an “e”.""}]""
"focus-form","Woman: Where did you ___ last night?Man: A new pizzeria in town.","go","been","went","going","A","ใช้คำถามอดีตไปแล้วด้วย did ทำตัวกริยาใหญ่ต้องอยู่ในรูป Infinitive (ไป -> go)","A2","medium","18",""[{""speaker"":""Woman"",""text"":""Where did you ___ last night?""},{""speaker"":""Man"",""text"":""A new pizzeria in town.""}]""
"focus-form","Salesperson: I’m sorry, were you waiting a long time?Customer: No, I’ve only been here ___ a few minutes.","since","from","for","in","C","บอกระยะห้วงเวลาต่อเนื่อง ใช้ for","A2","medium","18",""[{""speaker"":""Salesperson"",""text"":""I’m sorry, were you waiting a long time?""},{""speaker"":""Customer"",""text"":""No, I’ve only been here ___ a few minutes.""}]""
"focus-form","Woman: Did you and Sally go to the meeting last night?Man: No, ___ couldn’t go. Sally wasn’t well.","she","they","we","I","C","การอ้างอิงของสรรพนามในแง่บุคคลที่ 1 หลายคน จะใช้ we","A2","medium","18",""[{""speaker"":""Woman"",""text"":""Did you and Sally go to the meeting last night?""},{""speaker"":""Man"",""text"":""No, ___ couldn’t go. Sally wasn’t well.""}]""
"focus-form","Man: What do you usually ___ in the evenings?Woman: I like to watch Netflix.","do","doing","done","did","A","หลัง Do / Does ประธานกริยาแท้ต้องเปนรูปไม่ผัน ก็คือ do (แปลว่าทำ)","A2","medium","18",""[{""speaker"":""Man"",""text"":""What do you usually ___ in the evenings?""},{""speaker"":""Woman"",""text"":""I like to watch Netflix.""}]""
"focus-form","Man: ___ I speak to Mr. Brown, please?Woman: He’s not here, I’m afraid.","Would","Could","Do","Should","B","ใช้ Could I เป็นวิธีการพูดอย่างสุภาพกว่าในการติดต่อหรือขอร้อง","A2","medium","18",""[{""speaker"":""Man"",""text"":""___ I speak to Mr. Brown, please?""},{""speaker"":""Woman"",""text"":""He’s not here, I’m afraid.""}]""
"focus-form","Girl: I thought it was a bit boring.Boy: Me too. The other team didn’t get the ball very much, ___?","are they","didn’t they","do they","did they","D","เป็น question tag เมื่อประโยคหลักเป็น didn't ท้ายประโยคที่เป็น tag จะต้องเป็นบอกเล่าคือ did they","A2","medium","19",""[{""speaker"":""Girl"",""text"":""I thought it was a bit boring.""},{""speaker"":""Boy"",""text"":""Me too. The other team didn’t get the ball very much, ___?""}]""
"focus-form","Man: Do you like Rosie?Woman: She’s OK but she doesn’t say much.Man: Yes, she’s a bit ___.","shy","silly","kind","calm","A","คนที่พูดน้อยหรือไม่ค่อยกล้าแสดงออกเข้ากับคำว่า shy","A2","medium","19",""[{""speaker"":""Man"",""text"":""Do you like Rosie?""},{""speaker"":""Woman"",""text"":""She’s OK but she doesn’t say much.""},{""speaker"":""Man"",""text"":""Yes, she’s a bit ___.""}]""
"focus-form","Boy: What’s the homework for tonight?Girl: The teacher ___ us to revise the irregular verbs.","gave","told","spoke","talked","B","บอกกล่าวเพื่อให้ใครทำบางอย่าง ใช้โครงสร้าง told + someone + to do something","A2","medium","19",""[{""speaker"":""Boy"",""text"":""What’s the homework for tonight?""},{""speaker"":""Girl"",""text"":""The teacher ___ us to revise the irregular verbs.""}]""
"focus-form","Man: The music was fantastic, wasn’t it?Woman: Yes, it was the best concert I’ve ___ been to.","never","ever","just","already","B","เป็นประสบการณ์ที่สุดยอดเท่าที่ 'เคย' ผ่านมา ใช้ ever (ควบคู่ใน present perfect struct.)","A2","medium","19",""[{""speaker"":""Man"",""text"":""The music was fantastic, wasn’t it?""},{""speaker"":""Woman"",""text"":""Yes, it was the best concert I’ve ___ been to.""}]""
"focus-form","Woman: Is ___ any cake in the fridge?Man: Yes. Help yourself.","it","here","that","there","D","เพื่อพูดถามเกี่ยวกับมีนามนับไม่ได้ (cake) ปริมาณเลยใช้ any คู่กับการถาม Is there?","A2","medium","19",""[{""speaker"":""Woman"",""text"":""Is ___ any cake in the fridge?""},{""speaker"":""Man"",""text"":""Yes. Help yourself.""}]""
"focus-form","Wife: I can’t find my keys anywhere!Husband: Oh, look! They’re ___ the kitchen floor.","on","by","at","in","A","ตามสถานที่แบบระบุพื้นผิวเรียบจะใช้บอกตำแหน่ง on (อยู่บนพื้น)","A2","medium","19",""[{""speaker"":""Wife"",""text"":""I can’t find my keys anywhere!""},{""speaker"":""Husband"",""text"":""Oh, look! They’re ___ the kitchen floor.""}]""
"focus-form","Man: She is great! I can’t get ___ how focused her students are!Woman: Yes! They really like her class!","by","after","over","between","C","get over มีความหมายแฝงว่า เลิกทำใจ/ผ่านพ้น ยอมรับใจ (ทำใจมูฟออนจากความทึ่งไม่ได้) ","A2","medium","19",""[{""speaker"":""Man"",""text"":""She is great! I can’t get ___ how focused her students are!""},{""speaker"":""Woman"",""text"":""Yes! They really like her class!""}]""
"focus-form","Man: Beautiful curtains!Woman: Thanks, I made them ___.","myself","me","my me","my","A","ทำสิ่งบางอย่างด้วยตัวเอง ย้ำว่าเป็นฝีมือตัวเอง ใช้ myself","A2","medium","19",""[{""speaker"":""Man"",""text"":""Beautiful curtains!""},{""speaker"":""Woman"",""text"":""Thanks, I made them ___.""}]""
"focus-form","Man: I’ve had almost no energy for three days now.Woman: Then you ___ stay home from work. You need to rest.","had to","would best","had better","would better","C","ใช้ had better คล้าย should หมายความว่า 'เป็นการดีทีสุดที่คุณจะ...' ไม่ทำไม่ได้","A2","medium","19",""[{""speaker"":""Man"",""text"":""I’ve had almost no energy for three days now.""},{""speaker"":""Woman"",""text"":""Then you ___ stay home from work. You need to rest.""}]""
"focus-form","Woman: You play the piano, ___ you?","do","don’t","are","aren’t","B","บอกเล่าประโยคข้างหน้าในรูปทั่วๆไป question tag ข้างหลังต้องแปลงเป็นปฏิเสธ don't you","A2","medium","19",""[{""speaker"":""Woman"",""text"":""You play the piano, ___ you?""}]""
"focus-form","Man: Will you be at John’s party tomorrow?Woman: Well, I’ll come ___ I finish work in time.","if","while","when","unless","A","เป็นแนวประโยคเงื่อนไข ว่าจะทำสิ่งหนึ่งได้ก็ต่อเมื่ออีกสิ่งสำเร็จ IF I finish","A2","medium","19",""[{""speaker"":""Man"",""text"":""Will you be at John’s party tomorrow?""},{""speaker"":""Woman"",""text"":""Well, I’ll come ___ I finish work in time.""}]""
"focus-form","Woman: Do you know Tony?Man: Is he the one ___ son is a doctor?Woman: That’s him!","who","whom","which","whose","D","ระบุสถานะความเป็นเจ้าของเพื่อขยาย ใคร/คนไหน โดยแปลว่า ...ลูกชาย'ของเขา'เป็นคุณหมอ ใช้ whose","A2","medium","19",""[{""speaker"":""Woman"",""text"":""Do you know Tony?""},{""speaker"":""Man"",""text"":""Is he the one ___ son is a doctor?""},{""speaker"":""Woman"",""text"":""That’s him!""}]""
"focus-form","Woman: You play the piano beautifully!Man: Thank you! ___ you like me to play another song?","Should","Do","Would","Will","C","เมื่อจะเสนอสิ่งบางอย่างด้วยภาษาที่สูงส่งใช้ would you like...","A2","medium","19",""[{""speaker"":""Woman"",""text"":""You play the piano beautifully!""},{""speaker"":""Man"",""text"":""Thank you! ___ you like me to play another song?""}]""
"focus-form","Man: How’s your lunch?Woman: There ___ be a lot of pepper in this dish. It is very spicy!","can","would","must","should","C","ใช้ตีความคาดเดาความน่าจะเป็นสูงทะลุเป้าแบบมั่นใจว่า ต้อง...แน่ๆ (It must)","A2","medium","19",""[{""speaker"":""Man"",""text"":""How’s your lunch?""},{""speaker"":""Woman"",""text"":""There ___ be a lot of pepper in this dish. It is very spicy!""}]""
"focus-form","Woman: Is your sister ___ television?Man: No, she is not.","watch","watches","to watch","watching","D","กล่าวเป็นรูป Passive เธอนั้น 'ถูกตั้งชื่อว่า...' (was named)","A2","medium","19",""[{""speaker"":""Woman"",""text"":""Is your sister ___ television?""},{""speaker"":""Man"",""text"":""No, she is not.""}]""
"focus-form","Woman: What’s the name of Sam’s new baby?Man: I think she ___ Linda.","names","named","will name","was named","D","โดนพัดลอยกระจุยหายไป หลุดออก ใช้ blew off","A2","medium","19",""[{""speaker"":""Woman"",""text"":""What’s the name of Sam’s new baby?""},{""speaker"":""Man"",""text"":""I think she ___ Linda.""}]""
"focus-form","Woman: Come in – you look a bit cold.Man: Thanks – the wind’s so strong it nearly blew my hat ___ .","out","off","on","down","B","บรรยายการลอกเลียนแบบหรือดูเหมือนว่า... ใช้คำว่า (look) like","A2","medium","19",""[{""speaker"":""Woman"",""text"":""Come in – you look a bit cold.""},{""speaker"":""Man"",""text"":""Thanks – the wind’s so strong it nearly blew my hat ___ .""}]""
"focus-form","Woman: Look at this picture of my brother’s new baby.Man: You know, he looks just ___ your brother.","as","too","like","same","C","see someone do something โครงสร้างนี้ใช้คำว่า do สอดคล้องในประโยค","A2","medium","19",""[{""speaker"":""Woman"",""text"":""Look at this picture of my brother’s new baby.""},{""speaker"":""Man"",""text"":""You know, he looks just ___ your brother.""}]""
"focus-form","Man: What exactly do you want?Woman: I would like to see you ___ a good job on the project.","to do","doing","having done","do","D","ฝากข้อความ ฝากส่งสิ่งที่พูเดเป็นสารไว้ให้ เรียกว่า leave a message","A2","medium","19",""[{""speaker"":""Man"",""text"":""What exactly do you want?""},{""speaker"":""Woman"",""text"":""I would like to see you ___ a good job on the project.""}]""
"focus-form","Woman: Hello! Can I ___ a message for Jim?Man: Hang on! Just let me find a pen.","say","give","drop","leave","D","อาการบางอย่างที่สิ่งของไม่ยอมทำตามหน้าที่เหมือนดื้อรั้น ใช้คำว่า won't","A2","medium","19",""[{""speaker"":""Woman"",""text"":""Hello! Can I ___ a message for Jim?""},{""speaker"":""Man"",""text"":""Hang on! Just let me find a pen.""}]""
"focus-form","Man: What’s wrong?Woman: My car ___ .","can’t start","isn’t starting","won’t start","doesn’t starting","C","มีความหมายว่ า 'ไม่น่าเแปลกใจเลย' ใช่คำว่า no surprise ตรงๆ ได้เลย","A2","medium","20",""[{""speaker"":""Man"",""text"":""What’s wrong?""},{""speaker"":""Woman"",""text"":""My car ___ .""}]""
"focus-form","Man: I failed the test.Woman: Frankly, it’s ___ surprise to me.","none","no","any","not","B","รูปประโยคแบบถูกกระทำ ใช้ was told (ฉันได้รับแจ้งมาว่า/ มีคนพูดให้ฉันฟังว่า)","A2","medium","20",""[{""speaker"":""Man"",""text"":""I failed the test.""},{""speaker"":""Woman"",""text"":""Frankly, it’s ___ surprise to me.""}]""
"focus-form","Woman: Good morning. May I help you?Man: Yes, I ___ that you sell laptop computers. Where can I find them?","was telling","been told","was told","did tell","C","สรรพนามรูปเดี่ยวๆ ที่เอามาอ้างอิงแทน this computer game","A2","medium","20",""[{""speaker"":""Woman"",""text"":""Good morning. May I help you?""},{""speaker"":""Man"",""text"":""Yes, I ___ that you sell laptop computers. Where can I find them?""}]""
"focus-form","Boy: Do you like playing this computer game?Girl: ___ boring. Shall we choose something else to play?","It’s","They’re","I’m","You’re","A","วลีแปลว่าปลีกตัวออกห่าง หรือไม่ยุ่งเกี่ยวเรื่องชาวบ้าน คือการ stay out of it","A2","medium","20",""[{""speaker"":""Boy"",""text"":""Do you like playing this computer game?""},{""speaker"":""Girl"",""text"":""___ boring. Shall we choose something else to play?""}]""
"focus-form","Woman: My coworkers are always arguing. Should I say something?Man: If I were you, I’d ___ out of it.","put","stay","hold","move","B","ถามว่าเป็นของใคร ใช้ Whose ชี้ขาดเพื่อหาเจ้าชอง","A2","medium","20",""[{""speaker"":""Woman"",""text"":""My coworkers are always arguing. Should I say something?""},{""speaker"":""Man"",""text"":""If I were you, I’d ___ out of it.""}]""
"focus-form","Woman: There is a green scarf on the chair. ___ is it?Man: It isn’t mine. It might be Ben’s.","Who","Whom","Which","Whose","D","รับประทานอาหารนอกบ้าน ใช้วลีคำกริยา eat out ตอบ out","A2","medium","20",""[{""speaker"":""Woman"",""text"":""There is a green scarf on the chair. ___ is it?""},{""speaker"":""Man"",""text"":""It isn’t mine. It might be Ben’s.""}]""
"focus-form","Wife: Do you fancy going to that new restaurant in town?Husband: Oh, I’m really tired. Let’s ___ this evening.","in","at","out","about","C","ถุงมือหรือ gloves นั้นเติม s พกมาเป็นคู่ จึงใช้สรรพนามตัวแทนแบบพหูพจน์ them","A2","medium","20",""[{""speaker"":""Wife"",""text"":""Do you fancy going to that new restaurant in town?""},{""speaker"":""Husband"",""text"":""Oh, I’m really tired. Let’s ___ this evening.""}]""
"focus-form","Woman: Oh dear, I’ve left my gloves in the car.Man: Don’t worry, I’ll get ___ for you.","it","them","some","ones","B","การมองหางาน หาอะไรสักอย่างแบบที่ต้องค้นหาใช้วลี look for","A2","medium","20",""[{""speaker"":""Woman"",""text"":""Oh dear, I’ve left my gloves in the car.""},{""speaker"":""Man"",""text"":""Don’t worry, I’ll get ___ for you.""}]""
"focus-form","Woman: Why did you decide to ___ another job?Man: I wasn’t happy with the one I had.","look at","look after","look for","look into","C","ไม่มีใครเลยจากกลุ่มเพื่อนของฉัน ใหั้ใช้สรรพนาม None of","A2","medium","20",""[{""speaker"":""Woman"",""text"":""Why did you decide to ___ another job?""},{""speaker"":""Man"",""text"":""I wasn’t happy with the one I had.""}]""
"focus-form","Woman: ___ of my friends can speak French very well.Man: Neither can mine.","No one","Nobody","No","None","D","สำนวนการเป็นไข้หวัดคือ getting a cold","A2","medium","20",""[{""speaker"":""Woman"",""text"":""___ of my friends can speak French very well.""},{""speaker"":""Man"",""text"":""Neither can mine.""}]""
"focus-form","Man: I don’t feel very well.Woman: It sounds like you might be ___ a cold.","doing","having","feeling","getting","D","Neither of นำหน้าคำนามพหูพจน์ แต่จะต้องถือเป็นรูปแบบเอกพจน์ กริยาคือ is","A2","medium","20",""[{""speaker"":""Man"",""text"":""I don’t feel very well.""},{""speaker"":""Woman"",""text"":""It sounds like you might be ___ a cold.""}]""
"focus-form","Woman: Do you know what I really like about the weekends?Man: What?Woman: ___ have to get up early.","I don’t","I can’t","I mustn’t","I didn’t","A","บอกสถานที่ตำแหน่งเด่นชัดหรือจุดตัดเช่นป้ายรถเมล์ สี่แยก ให้ใช้บุบท at","A2","medium","20",""[{""speaker"":""Woman"",""text"":""Do you know what I really like about the weekends?""},{""speaker"":""Man"",""text"":""What?""},{""speaker"":""Woman"",""text"":""___ have to get up early.""}]""
"focus-form","Man: Are those your students?Woman: Neither of the two girls ___ my student.","is","have been","are","were","A","เป็นการเล่าถึงความรู้สึกเมื่อคืนวานซึ่งใช้อธิบายสิ่งเป็นอดีต (was)","A2","medium","20",""[{""speaker"":""Man"",""text"":""Are those your students?""},{""speaker"":""Woman"",""text"":""Neither of the two girls ___ my student.""}]""
"focus-form","Woman: Can you tell me where the nearest garage is?Man: Turn right ___ the next crossroads. You can’t miss it.","on","at","in","across","B","enough จะอยู่ด้านหน้าคำนามเพื่อบอกว่า มี...ไม่พอ","A2","medium","20",""[{""speaker"":""Woman"",""text"":""Can you tell me where the nearest garage is?""},{""speaker"":""Man"",""text"":""Turn right ___ the next crossroads. You can’t miss it.""}]""
"focus-form","Man: Did you go out last night?Woman: No, I ___ too tired.","am","were","was","did","C","พี่ชายหรือน้องชายเป็นบุรุษสรรพนามที่ 3 เอกพจน์ ใช้ Does นำหน้ากริยาแท้","A2","medium","20",""[{""speaker"":""Man"",""text"":""Did you go out last night?""},{""speaker"":""Woman"",""text"":""No, I ___ too tired.""}]""
"focus-form","Woman: There isn’t ___ to make a cake.Man: Do you want me to get it now?","enough sugar","sugar enough","enough of sugar","few sugar","A","รูปประโยค Subjunctive clause ตามหลังคำแนะนำสั่งยืนยัน (insist) กริยาจะต้องใช้รูปคงเดิม Infinitive be","A2","medium","20",""[{""speaker"":""Woman"",""text"":""There isn’t ___ to make a cake.""},{""speaker"":""Man"",""text"":""Do you want me to get it now?""}]""
"focus-form","Woman: ___ your brother spend Christmas with you?Man: Every year.","Do","Does","Have","Has","B","จะเปิดไฟ ให้แสงสว่างใช้ turn on","A2","medium","20",""[{""speaker"":""Woman"",""text"":""___ your brother spend Christmas with you?""},{""speaker"":""Man"",""text"":""Every year.""}]""
"focus-form","Woman: Do you like your new job?Man: Yes, but my employer insists that I ___ on time.","was","am","be","have been","C","How often ใช้ถามความถี่ว่าทำบ่อยแค่ไหน","A2","medium","20",""[{""speaker"":""Woman"",""text"":""Do you like your new job?""},{""speaker"":""Man"",""text"":""Yes, but my employer insists that I ___ on time.""}]""
"focus-form","Man: It is dark in here.Woman: I will turn ___ the light.","on","out","over","off","A","คุณรู้ตัวเมื่อไหร่ว่า ลืม/ได้ทำหายไปแล้ว ซึ่งมันเกิดขึนก้่อนการรู้ตัว จะเป็น (had lost หรือ 'd lost)","A2","medium","20",""[{""speaker"":""Man"",""text"":""It is dark in here.""},{""speaker"":""Woman"",""text"":""I will turn ___ the light.""}]""
"focus-form","Woman: ___ do you visit your hometown?Man: Once a year.","How long","How far","How often","How","C","ใช้ขึ้นต้นคำถามเกี่ยวกับเรื่องในอดีต จะต้องใช้ Did","A2","medium","20",""[{""speaker"":""Woman"",""text"":""___ do you visit your hometown?""},{""speaker"":""Man"",""text"":""Once a year.""}]""
"focus-form","Man: When did you realize ___ your purse?Woman: When I tried to pay for my lunch.","you lost","you lose","you’d lost","you have lost","C","แปลว่า 'เคยชิน/เคยทำ' แฝงความหมายว่าตอนนี้ไม่ได้ทำแล้วใช้ used to","A2","medium","21",""[{""speaker"":""Man"",""text"":""When did you realize ___ your purse?""},{""speaker"":""Woman"",""text"":""When I tried to pay for my lunch.""}]""
"focus-form","Man: ___ you play the violin in school last year?Woman: No, I played the piano.","Did","Are","Have","Were","A","ความเต็มใจ หรือยินดีที่จะทำ... ใช้ willing","A2","medium","21",""[{""speaker"":""Man"",""text"":""___ you play the violin in school last year?""},{""speaker"":""Woman"",""text"":""No, I played the piano.""}]""
"focus-form","Man: Why don’t you take the bus to work?Woman: Well, I ___, but it was just so slow.","have to","need to","used to","want to","C","ทำไมถึงไม่ได้คิดจะไป... ขึ้นเป็นแง่ลบกับประโยคปัจจุบันอ้างอนาคต","A2","medium","21",""[{""speaker"":""Man"",""text"":""Why don’t you take the bus to work?""},{""speaker"":""Woman"",""text"":""Well, I ___, but it was just so slow.""}]""
"focus-form","Man: Can you work late tonight? There are still some emails to be sent out.Woman: I’m more than ___ to help, but I have to leave by 6 p.m. at the latest.","will","will be","willing","be willing","C","ใช้เพื่ออธิบายขยายความสิ่งที่จะต้องเป้าหมาย 'สิ่งที่จะต้องทำ' to do","A2","medium","21",""[{""speaker"":""Man"",""text"":""Can you work late tonight? There are still some emails to be sent out.""},{""speaker"":""Woman"",""text"":""I’m more than ___ to help, but I have to leave by 6 p.m. at the latest.""}]""
"focus-form","Boy: Why ___ you going swimming with us tomorrow?Girl: I’m just too busy.","haven’t","aren’t","don’t","can’t","B","อย่างอื่นอีีกบ้างไหมประโยคคำถาม ใช้ anything นำ","A2","medium","21",""[{""speaker"":""Boy"",""text"":""Why ___ you going swimming with us tomorrow?""},{""speaker"":""Girl"",""text"":""I’m just too busy.""}]""
"focus-form","Woman: Have you finished moving out of your old apartment?Man: Yes, the only thing I have left ___ is take my name off the mailbox.","do","done","to do","for doing","C","เธออยู่ที่ไหน ระบุสถานะปัจจุบันทั่วไปใช้รูปปกติ is","A2","medium","21",""[{""speaker"":""Woman"",""text"":""Have you finished moving out of your old apartment?""},{""speaker"":""Man"",""text"":""Yes, the only thing I have left ___ is take my name off the mailbox.""}]""
"focus-form","Boy: Do you like playing this computer game?Girl: Not really. Do you have ___ else?","anything","one thing","everything","another thing","A","มี Has นำ ตามข้างหลังด้วยกริยาช่อง 3 คือ given (ให้ไปแล้วหรือยัง?)","A2","medium","21",""[{""speaker"":""Boy"",""text"":""Do you like playing this computer game?""},{""speaker"":""Girl"",""text"":""Not really. Do you have ___ else?""}]""
"focus-form","Boy: Have you seen Maria?Girl: Sorry, I don’t know where she ___.","is","was","been","being","A","เหตุการณ์ในอดีตรูปกริยาต้องสอดคล้องเป็นส่วนอดีต (went -> felt)","A2","medium","21",""[{""speaker"":""Boy"",""text"":""Have you seen Maria?""},{""speaker"":""Girl"",""text"":""Sorry, I don’t know where she ___.""}]""
"focus-form","Man: Has Julia ___ you her new email address yet?Woman: Yes. I’ll send it to you.","give","gave","given","giving","C","เป็นเวลา ... 2 เดือนมาแล้ว พูดถึงเรื่องในอดีต เติม ago ไว้หลังเวลา","A2","medium","21",""[{""speaker"":""Man"",""text"":""Has Julia ___ you her new email address yet?""},{""speaker"":""Woman"",""text"":""Yes. I’ll send it to you.""}]""
"focus-form","Woman: Sorry I didn’t come to your party.Man: What happened?Woman: Oh, I ___ sick, so I went to sleep.","felt","feel","feels","feeling","A","ใช้เป็นสิ่งที่ทำเป็นประจำทุกๆปี (every year) กริยาจึงอยู่เป็น present เติม s ในประธานเอกพจน์ sees","A2","medium","21",""[{""speaker"":""Woman"",""text"":""Sorry I didn’t come to your party.""},{""speaker"":""Man"",""text"":""What happened?""},{""speaker"":""Woman"",""text"":""Oh, I ___ sick, so I went to sleep.""}]""
"focus-form","Man: Do you know Maria?Woman: Yes, I met her two months ___.","ago","past","away","since","A","keep + กริยาเติม -ing แปลว่ายังคงทำแบบนั้นต่อไป","A2","medium","21",""[{""speaker"":""Man"",""text"":""Do you know Maria?""},{""speaker"":""Woman"",""text"":""Yes, I met her two months ___.""}]""
"focus-form","Man: Richard ___ the doctor every year.Woman: I should do that, too.","saw","sees","seen","seeing","B","หาความเป็นเจ้าของ ว่าเสิอร์ตััวนี้เป็นของใคร ใช้ question verb : Whose","A2","medium","21",""[{""speaker"":""Man"",""text"":""Richard ___ the doctor every year.""},{""speaker"":""Woman"",""text"":""I should do that, too.""}]""
"focus-form","Teacher: Are you an Italian citizen?Student: No, I was born ___ the United States.","in","to","at","on","A","ในบรรดาสายระดับแย่ที่สุดในความรู้เท่าที่ฉันเคยเห็นมา (the+worst)","A2","medium","21",""[{""speaker"":""Teacher"",""text"":""Are you an Italian citizen?""},{""speaker"":""Student"",""text"":""No, I was born ___ the United States.""}]""
"focus-form","Man: Jeff keeps ___ at his watch.Woman: I know. He has an important meeting to go to.","look","to look","looking","to looking","C","ระบุว่าเกิดขึ้นไปแล้วชัดเจนคือเมื่อ 5 นาทีก่อน ใช้ V.2 อย่างเดียว (opened)","A2","medium","21",""[{""speaker"":""Man"",""text"":""Jeff keeps ___ at his watch.""},{""speaker"":""Woman"",""text"":""I know. He has an important meeting to go to.""}]""
"focus-form","Woman: ___ coat is this?Man: I don’t know. It’s not mine.","Who","Who’s","Whom","Whose","D","คำนี้เป็นสำนวน cannot help but จะสืบเนื่องด้วยกริยารูปปกติ (แต่อิงตามแบบภาษาถูกหลักจะตอบ being ถ้าในตัวโจทย์ยึดความหมาย can't help+ing)","A2","medium","21",""[{""speaker"":""Woman"",""text"":""___ coat is this?""},{""speaker"":""Man"",""text"":""I don’t know. It’s not mine.""}]""
"focus-form","Man: I didn’t like the movie very much. Did you?Woman: No. It was one of the ___ I’ve ever seen.","worst","worse","bad","badly","A","ถามสารทุกข์สุำดิบ ทักทายสอบถาม How are you?","A2","medium","21",""[{""speaker"":""Man"",""text"":""I didn’t like the movie very much. Did you?""},{""speaker"":""Woman"",""text"":""No. It was one of the ___ I’ve ever seen.""}]""
"focus-form","Man: It’s hot in here. We need some fresh air.Woman: But I ___ the window five minutes ago.","opened","opening","had opened","was opening","A","บอกช่วงเวลาของนาฬิกาชี้วัดให้ใช้บุพบท at แบบเป๊ะๆ","A2","medium","21",""[{""speaker"":""Man"",""text"":""It’s hot in here. We need some fresh air.""},{""speaker"":""Woman"",""text"":""But I ___ the window five minutes ago.""}]""
"focus-form","Man: Jenny’s really good at drawing, isn’t she?Woman: Well, her mom’s an illustrator and her dad’s an architect, so I guess she can’t help but ___ artistic.","be","been","to be","being","D","ใช้ในรูปเปรียบเทียบ กว่า = more แบบไม่มีคู่ต้อนต่อย","A2","medium","21",""[{""speaker"":""Man"",""text"":""Jenny’s really good at drawing, isn’t she?""},{""speaker"":""Woman"",""text"":""Well, her mom’s an illustrator and her dad’s an architect, so I guess she can’t help but ___ artistic.""}]""
"focus-form","Woman: Hello, Simon. ___ are you?Man: I'm fine, thank you.","Why","Who","How","Where","C","มีคำนามตามหลัง because of + (นาม) เป็นสาเหตุหรือเหตุผลเนื่องจาก","A2","medium","21",""[{""speaker"":""Woman"",""text"":""Hello, Simon. ___ are you?""},{""speaker"":""Man"",""text"":""I'm fine, thank you.""}]""
"focus-form","Man: What time do you go to work?Woman: I leave my house ___ 7 a.m. in the morning.","on","in","to","at","D","วลี hang on แปลว่ารอเดี๋ยวนะ/หยุดสักแป๊บ","A2","medium","21",""[{""speaker"":""Man"",""text"":""What time do you go to work?""},{""speaker"":""Woman"",""text"":""I leave my house ___ 7 a.m. in the morning.""}]""
"focus-form","Man: Can I tell you what I bought you for your birthday?Woman: No. Don't tell me. It's ___ exciting that way.","more","most","the more","the most","A","มี than แสดงการเปรียบเทียบขั้นกว่า (taller)","A2","medium","22",""[{""speaker"":""Man"",""text"":""Can I tell you what I bought you for your birthday?""},{""speaker"":""Woman"",""text"":""No. Don't tell me. It's ___ exciting that way.""}]""
"focus-form","Man: Good morning. I'd like to get a ticket to New York.Woman: Of course. ___ would you like to fly?","Why","When","Who","Where","B","เธออยู่ที่ไหนในปัจุุจบัน (is)","A2","medium","22",""[{""speaker"":""Man"",""text"":""Good morning. I'd like to get a ticket to New York.""},{""speaker"":""Woman"",""text"":""Of course. ___ would you like to fly?""}]""
"focus-form","Man: Why do you like your job?Woman: Mostly ___ my boss. She's great.","with respect to","in support of","according to","because of","D","เป็นสรรพนามหรือ clause เติมความหมาย ว่า 'อะไร' สิ่งที่ฉันใส่ไป... คือ (what)","A2","medium","22",""[{""speaker"":""Man"",""text"":""Why do you like your job?""},{""speaker"":""Woman"",""text"":""Mostly ___ my boss. She's great.""}]""
"focus-form","Daughter: Mom, do you recycle these bottles?Mother: Yes, but ___ a minute. We need to wash them first.","come by","come up","hang on","hang in","C","วลี get(getting) used to แปลว่า คุ้นเคย/ยังพยายามปรับตัวเพื่อจะทำให้คุ้นเคยชิน","A2","medium","22",""[{""speaker"":""Daughter"",""text"":""Mom, do you recycle these bottles?""},{""speaker"":""Mother"",""text"":""Yes, but ___ a minute. We need to wash them first.""}]""
"focus-form","Mother: Why did you get home so late?Son: I stopped ___ to my friend at school.","to be talking","have a talk","talking","to talk","D","come up with แปลว่านึกบางสิ่งบางอย่างออก ในเชิงเป็นแนวคิดแก้ปัญหา","A2","medium","22",""[{""speaker"":""Mother"",""text"":""Why did you get home so late?""},{""speaker"":""Son"",""text"":""I stopped ___ to my friend at school.""}]""
"focus-form","Girl: Is Sam ___ than you now?Boy: Yes. He ___ recently.","taller","as tall","tall","the tallest","A","หมายถึงไม่มีทั้งคอมพิวเตอร์ทั้งคู่ (เป็นลักษณะปฏิเสธควบสองสิ่งNeither)","A2","medium","22",""[{""speaker"":""Girl"",""text"":""Is Sam ___ than you now?""},{""speaker"":""Boy"",""text"":""Yes. He ___ recently.""}]""
"focus-form","Boy: Have you seen Maria?Girl: Sorry, I don't know where she ___.","is","was","been","being","A","รูป past simple ตัวแทนถูกกระทำ เพราะเขาไม่ได้เชิญฉันจึงเป็นประโบบค was... invited","A2","medium","22",""[{""speaker"":""Boy"",""text"":""Have you seen Maria?""},{""speaker"":""Girl"",""text"":""Sorry, I don't know where she ___.""}]""
"focus-form","Man: Has the doctor given you any advice on eating better?Woman: Well, she's made me aware of ___ I'm putting on my plate every day.","this","that","what","which","C","กังวลเกี่ยวกับปัญหาอะไรก็ตาม ใช้ about","A2","medium","22",""[{""speaker"":""Man"",""text"":""Has the doctor given you any advice on eating better?""},{""speaker"":""Woman"",""text"":""Well, she's made me aware of ___ I'm putting on my plate every day.""}]""
"focus-form","Man: How do you like your new phone?Woman: It's confusing. I'm still getting ___ it.","use","used","to used","used to","D","เป็น if clause Type 2 เรื่องสมมติในปตปัจจุบัน กริยาช่องหลัง would / ด้านหน้าต้อง V.2 คือ had","A2","medium","22",""[{""speaker"":""Man"",""text"":""How do you like your new phone?""},{""speaker"":""Woman"",""text"":""It's confusing. I'm still getting ___ it.""}]""
"focus-form","Man: Are you planning anything for your daughter's first birthday?Woman: We don't know yet, but I'm sure we'll ___ with something special.","come up","catch on","give up","—","A","มีคำชี้ช่วงเวลา for six years ทำให้ทราบว่าเป็นเหตุการ์เรื่องยืดเยื้อมาตั้งแต่อดีตสู่ปัจจุบัน (have lived)","A2","medium","22",""[{""speaker"":""Man"",""text"":""Are you planning anything for your daughter's first birthday?""},{""speaker"":""Woman"",""text"":""We don't know yet, but I'm sure we'll ___ with something special.""}]""
"focus-form","Man: Are there computers in both classrooms?Woman: I'm sorry, ___ of them have computers.","any","either","neither","—","C","มีคำว่าปีที่แล้วคือ last year ทำให้กริยานั้นต้องจบสมบูรณ์ไปแล้วในอดีต (went)","A2","medium","22",""[{""speaker"":""Man"",""text"":""Are there computers in both classrooms?""},{""speaker"":""Woman"",""text"":""I'm sorry, ___ of them have computers.""}]""
"focus-form","Woman: Are you going to Peter's wedding?Man: No, I ___ invited.","wasn't","hadn't","haven't","—","A","ให้ความหมายขัดแย้งว่าเดินทุกๆวัน หมายควมว่าไม่เคยนั่งรถเลย (never)","A2","medium","22",""[{""speaker"":""Woman"",""text"":""Are you going to Peter's wedding?""},{""speaker"":""Man"",""text"":""No, I ___ invited.""}]""
"focus-form","Woman: You look a little tired. Is there a problem?Man: I'm worried ___ my job interview next week.","at","in","about","—","C","ถามอาชีพการงานแบบคลาสสิก What do you do?","A2","medium","22",""[{""speaker"":""Woman"",""text"":""You look a little tired. Is there a problem?""},{""speaker"":""Man"",""text"":""I'm worried ___ my job interview next week.""}]""
"focus-form","Woman: Why don't we go out for dinner more often?Man: Well, if we ___ more time, we'd go out once a week.","had","have","will have","would have","A","ใช้ much ไปขยายการเปรียบเทียบว่ามีอาการดีกว่าเดิมเป็นอย่างมาก ๆ (better)","A2","medium","22",""[{""speaker"":""Woman"",""text"":""Why don't we go out for dinner more often?""},{""speaker"":""Man"",""text"":""Well, if we ___ more time, we'd go out once a week.""}]""
"focus-form","Woman: Where do you live?Man: In Boston. I ___ there for six years now.","live","lived","have lived","was living","C","ทิ้งร่องรอยด้วยคำว่า ...ago ทำให้กริยานั้นต้องจบสมบูรณ์ไปแล้วในอดีตเป็น left","A2","medium","22",""[{""speaker"":""Woman"",""text"":""Where do you live?""},{""speaker"":""Man"",""text"":""In Boston. I ___ there for six years now.""}]""
"focus-form","Man: I ___ to Vietnam last year.Woman: Nice! You always go on great trips.","go","I'll go","went","I've been","C","มีคำชี้ช่วงเวลา for six years ทำให้ทราบว่าเป็นเหตุการ์เรื่องยืดเยื้อมาตั้งแต่อดีตสู่ปัจจุบัน (have lived)","A2","medium","22",""[{""speaker"":""Man"",""text"":""I ___ to Vietnam last year.""},{""speaker"":""Woman"",""text"":""Nice! You always go on great trips.""}]""
"focus-form","Woman: How often do you ride the bus to work?Man: I ___ ride the bus. I walk every day.","often","never","usually","sometimes","B","มีคำว่าปีที่แล้วคือ last year ทำให้กริยานั้นต้องจบสมบูรณ์ไปแล้วในอดีต (went)","A2","medium","22",""[{""speaker"":""Woman"",""text"":""How often do you ride the bus to work?""},{""speaker"":""Man"",""text"":""I ___ ride the bus. I walk every day.""}]""
"focus-form","Man: What do you ___?Woman: I'm a teacher.","go","try","make","do","D","ให้ความหมายขัดแย้งว่าเดินทุกๆวัน หมายควมว่าไม่เคยนั่งรถเลย (never)","A2","medium","22",""[{""speaker"":""Man"",""text"":""What do you ___?""},{""speaker"":""Woman"",""text"":""I'm a teacher.""}]""
"focus-form","Woman: I always like to see snow in the winter.Man: So ___ I.","do","am","can","have","A","ถามอาชีพการงานแบบคลาสสิก What do you do?","A2","medium","22",""[{""speaker"":""Woman"",""text"":""I always like to see snow in the winter.""},{""speaker"":""Man"",""text"":""So ___ I.""}]""
"focus-form","Man: How is your mother now?Woman: She's much ___, thank you.","better","best","good","well","A","รูปสั้นสุดๆสำหรับการตอบที่เห็นด้วยกับการเล่าความชอบใช้ So do I","A2","medium","22",""[{""speaker"":""Man"",""text"":""How is your mother now?""},{""speaker"":""Woman"",""text"":""She's much ___, thank you.""}]""
"focus-form","Woman: ___ do you do? Man: I'm a teacher at a French school.","What","Where","When","Why","A","ใช้ much ไปขยายการเปรียบเทียบว่ามีอาการดีกว่าเดิมเป็นอย่างมาก ๆ (better)","A2","medium","23",""[{""speaker"":""Woman"",""text"":""___ do you do?""},{""speaker"":""Man"",""text"":""I'm a teacher at a French school.""}]""
"focus-form","Woman: Is Mark here? Man: No, he ___ 20 minutes ago.","left","leaves","is left","is leaving","A","ถามเรื่องอาชีพ ใช้ What do you do?","A2","medium","23",""[{""speaker"":""Woman"",""text"":""Is Mark here?""},{""speaker"":""Man"",""text"":""No, he ___ 20 minutes ago.""}]""
