testTypeId,questionText,optionA,optionB,optionC,optionD,correctAnswer,explanation,cefrLevel,difficulty,testSetId,conversation,article,audioUrl,transcript
focus-meaning,What does the girl mean?,She isn't hungry.,She will eat later.,She doesn't like sandwiches.,She already made lunch.,A,ผู้หญิงบอกว่าจะทำแซนด์วิชให้ แต่เด็กตอบว่า 'I just ate.' (หนูเพิ่งกินมา) แปลว่าอิ่มแล้ว ไม่ได้หิว จึงตรงกับข้อ She isn't hungry.,B1,medium,7,"[{""text"":""I'll make you a sandwich for lunch."",""speaker"":""A""},{""text"":""No thanks. I just ate."",""speaker"":""B""}]",,,
focus-meaning,What does the man mean?,Their dad hasn't saved much money.,Their dad doesn't spend enough money.,Their dad shouldn't have to spend money.,Their dad is angry with them.,C,ผู้ชายบอกว่า 'We shouldn't expect him to pay...' (เราไม่ควรคาดหวังให้พ่อจ่ายค่าตั๋วให้เรานะ) แสดงว่าคิดว่าพ่อไม่ต้องจ่ายเงินให้พวกเขาตรงกับ Their dad shouldn't have to spend money.,B1,medium,7,"[{""text"":""What's up with Dad these days? He's been pretty tight with his money."",""speaker"":""A""},{""text"":""Yeah, I know, but he's right. We shouldn't expect him to pay for our movie tickets."",""speaker"":""B""}]",,,
focus-meaning,What does the woman mean?,No one told her about the news.,She has nothing else to talk about.,She hears everyone talking about it.,She doesn't believe the news.,C,ผู้หญิงตอบว่า 'No one is talking about anything else.' (ไม่มีใครพูดเรื่องอื่นเลย) หมายความว่าทุกคนพูดกันแต่เรื่องนี้ เธอจึงได้ยินทุกคนคุยกัน (She hears everyone talking about it),B1,medium,7,"[{""text"":""Did you hear the news about the amazing drop in crime?"",""speaker"":""A""},{""text"":""No one is talking about anything else."",""speaker"":""B""}]",,,
focus-meaning,What does the woman mean?,Liz can't come to the party.,She didn't ask Liz to come.,She doesn't know Liz very well.,Liz doesn't have a phone.,B,ผู้หญิงบอกว่าเธอไม่รู้เบอร์โทรศัพท์ของ Liz ('I don't know her phone number') แสดงว่าเธอยังไม่ได้ชวน Liz ไปงาน (She didn't ask Liz to come),B1,medium,7,"[{""text"":""Did you ask Liz to come to the party?"",""speaker"":""A""},{""text"":""I don't know her phone number."",""speaker"":""B""}]",,,
focus-meaning,What does the man mean by his second comment?,He started his job recently.,He is planning to leave his job.,He needs to work longer hours.,He already got a promotion.,A,ผู้ชายบอกตอบว่า 'too soon for me' (คงยังเร็วไปสำหรับผม) แสดงว่าเขาเพิ่งเข้าทำงานได้ไม่นาน โอกาสเลื่อนตำแหน่งจึงเร็วไป (He started his job recently),B1,medium,7,"[{""text"":""Do you think you'll get a promotion at work this year?"",""speaker"":""A""},{""text"":""I think so. Do you?"",""speaker"":""B""},{""text"":""No, it's probably too soon for me."",""speaker"":""A""}]",,,
focus-meaning,What does the man mean?,I didn't think you would come.,I know you're usually on time.,It's difficult for you to be on time.,You are often late.,B,ผู้ชายบอกว่า 'You're hardly ever late.' (คุณแทบจะไม่เคยสายเลยนะ) หมายความว่าปกติแล้วผู้หญิงมักจะมาตรงเวลาเสมอ (I know you're usually on time),B1,medium,7,"[{""text"":""I'm sorry I'm late. There was so much traffic."",""speaker"":""A""},{""text"":""Oh, I was worried! You're hardly ever late."",""speaker"":""B""}]",,,
focus-meaning,What does the man mean by his first comment?,He regularly saw his cousin during the holidays.,He often traveled to his cousin's house.,He wished he could see his cousin.,His cousin lived nearby.,A,ผู้ชายเล่าว่าตอนเด็กๆ ครอบครัวญาติจะมาที่บ้านเสมอช่วงวันหยุดยาว ('would always come over') แปลว่าพวกเขาได้เจอกันเป็นประจำ (He regularly saw his cousin during the holidays),B1,medium,7,"[{""text"":""When I was growing up, my cousin's family would always come over to our place for the holidays."",""speaker"":""A""},{""text"":""I wish I could say the same! Mine lived so far away."",""speaker"":""B""}]",,,
focus-meaning,What does the woman mean?,She often likes to talk about family holidays.,She rarely got to see her cousins on holidays.,She usually traveled long distances.,She doesn't like holidays.,B,ผู้หญิงพูดว่าญาติของเธออยู่ไกลมาก ('Mine lived so far away') เลยทำให้ไม่ค่อยได้เจอญาติในช่วงวันหยุด (She rarely got to see her cousins on holidays),B1,medium,7,"[{""text"":""When I was growing up, my cousin's family would always come over to our place for the holidays."",""speaker"":""A""},{""text"":""I wish I could say the same! Mine lived so far away."",""speaker"":""B""}]",,,
focus-meaning,What does the girl mean?,They will start a new study group.,They agree to study together again.,They both need to take the test again.,They don't want to study.,B,ผู้ชายชวนติวอีก ผู้หญิงบอกเห็นด้วย (Great minds think alike!) และชวนติวหลังเลิกเรียน ('How does after class sound?') แปลว่าตกลงที่จะติวด้วยกันอีก,B1,medium,7,"[{""text"":""I aced that last test, thanks to our study group! Want a repeat?"",""speaker"":""A""},{""text"":""Great minds think alike! How does after class sound?"",""speaker"":""B""}]",,,
focus-meaning,What does the woman mean?,She decided not to do the work.,She didn't have time to do the work.,She didn't know how to do the work.,She forgot about the work.,B,ผู้หญิงบอกว่าพอจะเริ่มปุ๊บ เสาร์อาทิตย์ก็หมดไปซะแล้ว ('the weekend was over') แปลว่าสรุปคือเธอไม่มีเวลาทำการบ้าน (She didn't have time to do the work),B1,medium,7,"[{""text"":""Did you finish all the work you had to do over the weekend?"",""speaker"":""A""},{""text"":""Well, by the time I was ready to start, the weekend was over!"",""speaker"":""B""}]",,,
focus-meaning,What does the woman mean?,The professor gave useful homework.,The professor was helpful to his students.,The professor presented interesting lecture topics.,The professor was strict.,B,อาจารย์ 'bent over backwards' เป็นสำนวนแปลว่า พยายามช่วยเหลืออย่างเต็มที่ ทั้งยังมีคลาสเสริมให้ด้วย (The professor was helpful to his students),B1,medium,7,"[{""text"":""I hear this professor's class is challenging."",""speaker"":""A""},{""text"":""Actually, he really bent over backwards for us with those extra sessions."",""speaker"":""B""}]",,,
focus-meaning,What does the girl mean?,I didn’t want you to borrow the CD.,I didn’t accuse you of borrowing the CD.,I didn’t prevent you from borrowing the CD.,I didn’t lend you the CD.,B,ผู้ชายบอกไม่ได้ยืม CD ผู้หญิงตอบว่า 'I never said you did!' (ฉันไม่เคยพูดเลยนะว่านายยืม!) หมายความว่าเธอไม่ได้กล่าวหาว่าผู้ชายเป็นคนยืมไป,B1,medium,7,"[{""text"":""I didn’t borrow your new CD!"",""speaker"":""A""},{""text"":""I never said you did!"",""speaker"":""B""}]",,,
focus-meaning,What does the man mean?,I don’t like talking to you.,I’ll talk to you in five minutes.,I don’t have very long to talk to you.,I cannot talk to you today.,C,ผู้ชายบอกว่าอีก 5 นาทีตัวเองต้องไปแล้ว ('I have to leave in five minutes') แสดงว่าเขามีเวลาคุยด้วยได้อีกไม่นาน (I don't have very long to talk to you),B1,medium,7,"[{""text"":""Can I talk to you?"",""speaker"":""A""},{""text"":""Well, I have to leave in five minutes."",""speaker"":""B""}]",,,
focus-meaning,What does the woman mean?,What’s the time now?,When did the train go?,When will the train go?,Where does the train go?,C,ผู้ชายตอบเวลาว่า 4 โมงเย็น คำถามของผู้หญิงคือ 'What time does the train leave?' แปลว่าผู้หญิงถามเวลารถไฟออกนั่นเอง (When will the train go?),B1,medium,7,"[{""text"":""Excuse me. What time does the train leave?"",""speaker"":""A""},{""text"":""At 4 o’clock."",""speaker"":""B""}]",,,
focus-meaning,What does the man mean?,I think it’s a good idea.,I don’t really want to go.,I’m not sure why you’re asking me.,I don’t have time tonight.,A,ผู้หญิงชวนออกไปเที่ยว ผู้ชายตอบ 'Why not?' (ทำไมจะไม่ล่ะ = ไปสิ) แสดงว่าเขาเห็นด้วยและคิดว่าเป็นไอเดียที่ดี (I think it's a good idea),B1,medium,7,"[{""text"":""Do you fancy going out somewhere tonight?"",""speaker"":""A""},{""text"":""Why not?"",""speaker"":""B""}]",,,
focus-meaning,What does the man mean?,Can I have your car keys?,Do you need my car keys?,Have you got my car keys?,Where are my car keys?,C,ผู้หญิงบอกว่ากุญแจวางอยู่บนโต๊ะ แสดงว่าผู้ชายตั้งคำถามเพื่อต้องการรู้ว่ากุญแจรถของตนเองอยู่ที่ไหน (Where are my car keys?),B1,medium,7,"[{""text"":""Did I give you my car keys?"",""speaker"":""A""},{""text"":""They’re on the table in the hall."",""speaker"":""B""}]",,,
focus-meaning,What does the boy mean?,I don’t like reading.,I don’t mind what I read.,I don’t have anything to read.,I read only certain books.,B,ผู้ชายถูกถามว่าชอบอ่านหนังสืออะไร เขาตอบ 'anything really' (อะไรก็ได้เลย) หมายความว่าเขาอ่านอะไรก็ได้ ไม่เจาะจง (I don't mind what I read),B1,medium,7,"[{""text"":""What sort of books do you like reading?"",""speaker"":""A""},{""text"":""Well, anything really."",""speaker"":""B""}]",,,
focus-meaning,What does the brother mean?,You can’t understand.,You don’t understand.,You refuse to understand.,You never fish.,B,"ประโยคที่บอก 'You just don't get it, do you?' (เธอไม่เข้าใจอะไรเลยสินะ) แปลแบบเรียบง่ายคือ อีกฝ่ายนั้นไม่เข้าใจในสิ่งที่เธอทำ (You don't understand)",B1,medium,7,"[{""text"":""I don’t know what you see in fishing…"",""speaker"":""A""},{""text"":""You just don’t get it, do you? It’s not about how many fish you catch."",""speaker"":""B""}]",,,
focus-meaning,What does the man mean?,It’s losing a lot of money.,It’s bringing in a lot of money.,It’s hardly making any money.,It is expanding rapidly.,B,ผู้ชายตั้งข้อสังเกตธุรกิจของฝั่่งคู่สนทนาทำท่าจะไปได้สวย ('thriving' แปลว่า เจริญรุ่งเรือง เติบโตได้ดี) แสดงว่าน่าจะทำเงินได้เยอะมาก (Bringing in a lot of money),B1,medium,7,"[{""text"":""Adam’s business seems to be thriving."",""speaker"":""A""},{""text"":""Actually, I think he’s only just about breaking even."",""speaker"":""B""}]",,,
focus-meaning,What does the woman mean?,It’s losing a lot of money.,It’s bringing in a lot of money.,It’s hardly making any money.,It’s very successful.,C,ผู้หญิงแย้งว่าธุรกิจน่าจะแค่ 'breaking even' ซึ่งแปลว่าเท่าทุน/เสมอตัว หมายความว่ามันแทบจะไม่ได้ทำกำไรเลยในตอนนี้ (It's hardly making any money),B1,medium,7,"[{""text"":""Adam’s business seems to be thriving."",""speaker"":""A""},{""text"":""Actually, I think he’s only just about breaking even."",""speaker"":""B""}]",,,
focus-meaning,What does the woman mean?,I’ll help you if you find it difficult.,I know it won’t take you long to learn.,I’m sure you’ll be able to do it eventually.,Dancing is easy for everyone.,B,ผู้หญิงบอกเดี๋ยวก็เป็น ('You'll pick it up in no time') มีความหมายตรงตัวว่าใช้เวลาเรียนรู้ไม่นานหรอก เดี๋ยวนายก็ทำได้สบายๆ (I know it won't take you long to learn),B1,medium,8,"[{""text"":""I’ve never been much good at dancing."",""speaker"":""A""},{""text"":""You’ll pick it up in no time – take my word for it."",""speaker"":""B""}]",,,
focus-meaning,What does the woman mean?,I don’t know how far it is.,I never walk such a long way.,I don’t want to walk there today.,I love walking in this weather.,C,ผู้หญิงถามว่า 'Isn't it too far?' (มันไม่ไกลไปหน่อยเหรอ) ในสภาพอากาศแบบนี้ สรุปคือเธอไม่อยากเดินไปที่นั่นในบรรยากาศตอนนี้ (I don't want to walk there today),B1,medium,8,"[{""text"":""Let’s walk to the beach this afternoon."",""speaker"":""A""},{""text"":""Isn’t it too far in this weather?"",""speaker"":""B""}]",,,
focus-meaning,What does the man mean?,I’ll make a meal with what we have.,I’ll buy something to eat.,I’ll order takeout.,I’ll go to a restaurant.,A,คำว่า 'rustle something up' เป็นสำนวนแปลว่า การไปหาวัตถุดิบเท่าที่มีรวบรวมมาเข้าครัวทำอาหารแบบรวดเร็ว (I'll make a meal with what we have),B1,medium,8,"[{""text"":""I’m starving."",""speaker"":""A""},{""text"":""I’ll see if I can rustle something up."",""speaker"":""B""}]",,,
focus-meaning,What does the woman mean?,Can you tell me how much this swimsuit is?,Where can I pay for this swimsuit?,Can I see if this swimsuit fits me?,Can I return this swimsuit?,C,ผู้หญิงขออนุญาตลองชุด และผู้ชายบอกว่า 'changing room's over there' (ห้องเปลี่ยนเสื้ออยู่ตรงนั้น) แสดงว่าผู้หญิงขอเช็คว่าชุดที่ใส่เข้ากันหรือไม่,B1,medium,8,"[{""text"":""Can I try this swimsuit on, please?"",""speaker"":""A""},{""text"":""Sure – the changing room’s over there."",""speaker"":""B""}]",,,
focus-meaning,What does the mother mean?,You might need more money than that.,That’s too much money for the cinema.,I’ve given you enough money already.,I forgot to give you money.,C,แม่บ่นว่าเมื่อเช้าก็เพิ่งให้ไป 10 ปอนด์ หมายความว่าได้ให้เงินไปมากพอสมควรแล้ว ไม่น่าจะขออะไรเพิ่มอีกนะ (I've given you enough money already),B1,medium,8,"[{""text"":""Can I have £6 for the cinema, please?Mother: But I gave you £10 this morning!"",""speaker"":""A""}]",,,
focus-meaning,What does the father mean?,I think John wants to help you.,I don’t think John understands it.,I think John can help you.,John gave you the homework.,C,พ่อบอก 'Why don't you ask John about it?' เป็นประโยคการแนะนำให้ไปถาม John แสดงว่าพ่อคิดว่า John น่าจะช่วยเธอทำการบ้านได้,B1,medium,8,"[{""text"":""I don’t understand tonight’s history homework."",""speaker"":""A""},{""text"":""Why don’t you ask John about it?"",""speaker"":""B""}]",,,
focus-meaning,What does the girl mean?,There are four tennis matches tomorrow.,The match is at 3 o’clock tomorrow.,We need another player for tomorrow’s match.,The match is cancelled.,C,ผู้เล่นเกมเทนนิสต้องมี 4 คน แต่ตอนนี้มี 3 ผู้ชายเลยชวนเพื่อน John ข้อความนี้สื่อว่าพวกเขากำลังขาดเพลย์เยอร์คนนึงพรุ่งนี้ (We need another player...),B1,medium,8,"[{""text"":""How many people do we need for tomorrow’s tennis match?"",""speaker"":""A""},{""text"":""Four – but we only have three at the moment."",""speaker"":""B""},{""text"":""John is a good tennis player, I’ll ask him."",""speaker"":""A""}]",,,
focus-meaning,What does the waitress mean?,I can make coffee but not tea.,I can’t make coffee at the moment.,I can only make drinks from the machine.,Coffee is free today.,B,เครื่องทำกาแฟพังและกำลังอยู่ในการซ่อมบำรุง พนักงานที่ร้านจึงสื่อความหมายว่า ตอนนี้ไม่สามารถทำการชงกาแฟให้ดื่มได้ (I can't make coffee at the moment),B1,medium,8,"[{""text"":""Can I have one coffee and two teas, please?"",""speaker"":""A""},{""text"":""I’m sorry. The coffee machine’s just being fixed."",""speaker"":""B""}]",,,
focus-meaning,What does the woman mean?,Can you lend me a sweater?,Do you still have my sweater?,Why aren’t you wearing a sweater?,Can you wash a sweater?,A,ผู้ชายบอกว่ามีเสื้อสเวตเตอร์นะแต่ว่ามันคงไม่ค่อยสะอาด การพูดโต้ตอบแบบนี้จริงๆแล้วเป็นการตอบรับคำพูดที่ผู้หญิงอยากขอยืมเสื้อนั่นเอง (Can you lend me a sweater?),B1,medium,8,"[{""text"":""I’m cold, Jim. Have you got a sweater?"",""speaker"":""A""},{""text"":""Yes, but it’s not very clean, I’m afraid."",""speaker"":""B""}]",,,
focus-meaning,What does the man mean?,He is criticising the woman.,He is giving the woman some advice.,He is asking the woman for information.,He is joking with her.,B,ผู้ชายทักว่า 'Why don't you lie down' (นอนพักสักหน่อยไหมล่ะ) เป็นการให้คำแนะนำเพื่อให้อาการปวดหัวดีขึ้นตามมารยาท (He is giving the woman some advice),B1,medium,8,"[{""text"":""I’ve got a terrible headache."",""speaker"":""A""},{""text"":""Why don’t you lie down for a while?"",""speaker"":""B""}]",,,
focus-meaning,What does the woman mean?,What does she look like?,What do you like about her?,What can you tell me about her?,What does she wear?,C,ผู้หญิงถามทวนกลับประโยคที่พนักงานว่าคือ 'What's she like?' (เธอเป็นคนแบบไหน มีลักษณะนิสัยเป็นอย่างไร) แสดงว่าต้องการให้เขาช่วยบอกรายละเอียดของเธอคนนี้มา,B1,medium,8,"[{""text"":""Have you seen the new Sales Manager?"",""speaker"":""A""},{""text"":""Yes, what’s she like?"",""speaker"":""B""}]",,,
focus-meaning,What does the son mean?,I’ll be nervous on stage tonight.,I can’t remember my lines now.,I need to get on stage quickly.,I don’t want to act.,A,เด็กชายบอกอาจจะตื่นเต้นจนลืมบทพูดไปเสียดื้อๆ ทันทีที่ขึ้นไปบนเวที แสดงว่าเขามีอาการประหม่ามากๆกังวลใจที่จะแสดงในค่ำคืนนี้ (I'll be nervous on stage tonight),B1,medium,8,"[{""text"":""Yes, but I know I’ll forget them as soon as I get on stage."",""speaker"":""A""}]",,,
focus-meaning,The man…,Suggesting a trip to the countryside.,Agreeing to drive her there.,Asking about the weather.,Talking about work.,A,ผู้ชายทักว่าอากาศวันนี้ดี๊ดี ชวนให้จัดทริปตากอากาศ 'nice day for a drive in the countryside' นั่นก็คือบอกเป็นนัยว่าไปขับรถเล่นกันเถอะ (Suggesting a trip...),B1,medium,8,"[{""text"":""It’s a nice day for a drive in the countryside."",""speaker"":""A""},{""text"":""Yes, but I’m a bit busy this afternoon."",""speaker"":""B""}]",,,
focus-meaning,What does the man mean?,He doesn’t believe it’s snowing.,The snow had been predicted.,The amount of snow is unclear.,It rarely snows.,B,ผู้ชายบอก 'It wasn't exactly unexpected' (มันก็ไม่ได้เหนือความคาดหมายนักหรอก) แปลว่าเคยมีการพยากรณ์พยากรณ์อากาศล่วงหน้าไว้แล้ว (The snow had been predicted),B1,medium,8,"[{""text"":""I can’t believe it’s snowing today."",""speaker"":""A""},{""text"":""It wasn’t exactly unexpected."",""speaker"":""B""}]",,,
focus-meaning,What does the woman imply?,She will take the test again.,She thinks she did well.,She’s unhappy with how she did.,She didn’t take the exam.,C,ผญ.รู้สึกเสียดายและบอกว่าอยากกลับไปทำข้อสอบซ้ำอีกสักรอบ ('take it over again') สะท้อนว่าตัวเองทำได้ไม่ดีและกำลังรู้สึกเศร้า/แย่กับผลงาน,B1,medium,8,"[{""text"":""How do you think you did on the literature exam?"",""speaker"":""A""},{""text"":""I really wish I could take it over again."",""speaker"":""B""}]",,,
focus-meaning,What had the man assumed?,The door was unlocked.,It was better to wait outside.,He could not open the door.,Someone was inside.,C,ฝ่ายชายเข้าใจว่าตประตูล็อค พอผู้หญิงบอกเปิดได้เลย เขาจึงทวนว่า 'So the door was not locked!' แสดงว่าก่อนหน้านี้ตัวเขาตั้งใจจะบอกว่าตัวเองเปิดประตูไม่ได้,B1,medium,8,"[{""text"":""You didn’t have to wait outside. You could’ve opened the door."",""speaker"":""A""},{""text"":""So the door was not locked!"",""speaker"":""B""}]",,,
focus-meaning,What does the woman mean?,She doesn’t want the job.,She can’t start working now.,She worked for two weeks.,She will never start.,B,"ผญ.ตอบปฏิเสธที่จะสตาร์ทงานทันที แต่ต้องรออีกสองอาทิตย์ ('No, but I can begin in two weeks') แสดงว่าสรุปรวบยอดคือเธอเริ่มเข้าทำงานตอนนี้เลยไม่ได้",B1,medium,8,"[{""text"":""Can you start work immediately?"",""speaker"":""A""},{""text"":""No, but I can begin in two weeks."",""speaker"":""B""}]",,,
focus-meaning,What does the man mean?,He prefers staying home.,He goes to the same place.,He wants warm weather.,He likes winter.,C,ผชัยบอกหนีไปที่ไหนก็ได้ที่ไกลๆเพราะ 'I can't stand the cold' (ทนอากาศหนาวๆไม่ไหวแล้ว) แสดงว่าเขาอยากจะมุ่งหน้าไปท่องเที่ยวในสถานที่ที่มีอากาศอบอุ่นขึ้น,B1,medium,8,"[{""text"":""Where are you going for vacation?"",""speaker"":""A""},{""text"":""Somewhere away from here. I can’t stand the cold."",""speaker"":""B""}]",,,
focus-meaning,What does he mean?,I couldn’t sit where I wanted.,I missed the end.,I want to see it again.,I left early.,A,ผช.บอกกะจะไปนั่งดูหน้าๆซะหน่อยแต่กลายเป็นไปช้าจนพลาด ('got there too late') หมายความว่าเขาเลือกไปนั่งในที่นั่งดีๆ ดั่งจินตนาการไม่ทัน (I couldn't sit where I wanted),B1,medium,8,"[{""text"":""That concert last night was terrific."",""speaker"":""A""},{""text"":""Did you get to sit up front?"",""speaker"":""B""},{""text"":""I’d hoped to, but I got there too late."",""speaker"":""A""}]",,,
focus-meaning,What does he mean?,The book was very difficult.,It took one day to read.,He was busy.,It was boring.,A,ผู้ชายบอกว่าส่วนตัวอ่านมาหลายส่วนแล้วเจอว่ามันหนักและเข้าใจยาก ('had a hard time with a lot of it') แปลว่าหนังสือสือเล่มนี้มันอ่านยากมหาโหด,B1,medium,8,"[{""text"":""What did you think of that book?"",""speaker"":""A""},{""text"":""I had a hard time with a lot of it."",""speaker"":""B""}]",,,
focus-meaning,What does the man mean?,He won’t wash his car.,His car isn’t dirty.,He doesn’t like rain.,He will wash it later.,A,ฝ่ายชายตัดสินใจยังไม่ล้างรถของตัวเองเพราะรู้ว่าเดี๋ยวฝนก็กำลังจะตก ('not going to bother washing') มีความหมายตรงตัวว่าเขาจะไม่ล้างตามนั้นเลย,B1,medium,9,"[{""text"":""I’m not going to bother washing the car. It’s going to rain later."",""speaker"":""A""}]",,,
focus-meaning,What does the woman mean?,Are you looking for a dentist?,What does your dentist look like?,What do you think about your dentist?,Where is your dentist?,C,ผู้หญิงตอบชมรัวๆเลยว่า 'I would definitely recommend her' (อยากจะเเนะนำหมอคนนี้เเน่นอน) เป็นการบรรยายความคิดเห็นบวกๆของเธอที่มีต่อทันตแพทย์,B1,medium,9,"[{""text"":""I’m looking for a new dentist. What’s yours like?"",""speaker"":""A""},{""text"":""I would definitely recommend her."",""speaker"":""B""}]",,,
focus-meaning,What does he mean?,He can’t do them later.,He wants her to do them.,She doesn’t need to wash them.,The dishes are dirty.,C,ผู้ชายตอบสบายๆว่า ตัวเองกลับมาบ้านก็จัดการเคลียร์ล้างให้หมดแล้วแหละ ('I did them when I got home') หมายความว่าฝ่ายหญิงไม่ต้องไปจัดการล้างต่อหรอก,B1,medium,9,"[{""text"":""I forgot to wash the dishes."",""speaker"":""A""},{""text"":""It’s okay. I did them when I got home."",""speaker"":""B""}]",,,
focus-meaning,What does he mean?,He didn’t work today.,He had a bad day.,He’ll explain later.,Work was easy.,B,ฝ่ายชายบ่นบอกว่า 'Today is just not my day' แปลว่าวันนี้มันไม่ใช่วันเข้าฝ่ายฉันเลย (ฉันดวงตก ไม่สบอารมณ์) แสดงว่าเขาไปเจอเรื่องร้ายๆ แย่ๆ ปวดหัวมาทั้งวัน,B1,medium,9,"[{""text"":""So how did things go at work?"",""speaker"":""A""},{""text"":""Today is just not my day."",""speaker"":""B""}]",,,
focus-meaning,What does the son mean?,Refusing to admit a problem.,Denying borrowing the car.,Changing the subject.,Asking a question.,A,ลูกชายกลบเกลื่อนรอยต่อและบอก 'I don't know what you're talking about' (ผมไม่รู้พ่อพูดเอ่ยเรื่องอะไรครับ) คือพยายามหนีปัญหาและหลีกเลี่ยงไม่ยอมรับ,B1,medium,9,"[{""text"":""What did you do to the car last night?"",""speaker"":""A""},{""text"":""I don’t know what you’re talking about."",""speaker"":""B""}]",,,
focus-meaning,What does the boy mean?,She could be more like him.,She should be more confident.,She must change opinion.,She must copy him.,B,ผู้ชายตอบสาวว่า 'You have your good points too' (ตัวเธอเองก็มีจุดเด่นมุมดีนับไม่ถ้วนเหมือนกัน) หมายความว่าอยากให้เธอให้ความสำคัญและมีความมั่นใจในตัวเองมากขึ้น,B1,medium,9,"[{""text"":""My brother is so outgoing. I’d like to be like that."",""speaker"":""A""},{""text"":""You have your good points too."",""speaker"":""B""}]",,,
focus-meaning,What does he mean?,I will go out.,I can’t go out.,I might go out.,I already went out.,C,เพื่อนชายบอกใจจริงอยากออกเที่ยวเต็มแก่ แต่ติดการบ้านกองโต เลยต่อท้ายว่า 'I'll have to see' (เดี๋ยวขอดูโอกาสละกัน) แปลว่าเขาอาจจะไปด้วยก็เป็นได้ถ้าเคลียร์ทัน (I might go out),B1,medium,9,"[{""text"":""Do you want to come out tonight?"",""speaker"":""A""},{""text"":""I’d love to, but I’ve got a lot of homework. I’ll have to see."",""speaker"":""B""}]",,,
focus-meaning,Meaning?,We can return here.,Not sure we can return.,You like it more than me.,It’s too expensive.,A,"ผู้ชายตอบว่า 'If you'd like to, sure.' (ถ้าคุณผู้หญิงอยากจะแวะมาเยือนอีกก็ตามใจ เอาสิ) แปลว่าปีหน้าเราสามารถกลับมาดื่มด่ำความสุขที่นี่ได้อีกนั่นเอง",B1,medium,9,"[{""text"":""This vacation has been wonderful."",""speaker"":""A""},{""text"":""Can we come back next year?"",""speaker"":""B""},{""text"":""If you’d like to, sure."",""speaker"":""A""}]",,,
focus-meaning,Meaning?,The restaurant is close to school.,Dinner is on the beach.,Class meets in main building.,Restaurant is far away.,A,ผู้หญิงบอกพิกัดร้าน Thai Lotus Restaurant ว่ามันตั้งอยู่ 'next to the main school building' เป็นข้อบ่งชี้ว่าสถานที่ใกล้กับโรงเรียน (The restaurant is close to school),B1,medium,9,"[{""text"":""Do you know where the class is meeting for dinner?"",""speaker"":""A""},{""text"":""At Thai Lotus Restaurant next to the main school building."",""speaker"":""B""}]",,,
focus-meaning,Meaning?,She isn’t very hungry.,She hates soup.,She already ate.,She will eat later.,A,ผู้หญิงอธิบายอาการว่ายังทานไม่ค่อยลง 'I don't feel like eating at the moment' หมายความว่าเธอยังไม่รู้สึกหิวข้าว/ความอยากอาหารมีระดับต่ำ (She isn't very hungry),B1,medium,9,"[{""text"":""I made some soup. Would you like some?"",""speaker"":""A""},{""text"":""No thanks. I don’t feel like eating at the moment."",""speaker"":""B""}]",,,
focus-meaning,What does the husband mean?,She should do things faster.,She should sleep earlier.,She needs more time.,She should wake later.,A,สามีบ่นภรรยาอ้อมๆว่าเหตุที่สายก็เพราะ 'you take your time getting ready' (คุณโอ้เอ้แต่งตัวไม่เร่งรัดเอง) หมายความว่าหล่อนสามารถและน่าจะแต่งให้เร็วกว่านี้สักหน่อย,B1,medium,9,"[{""text"":""I’ve been so late leaving for work in the morning."",""speaker"":""A""},{""text"":""That’s because you take your time getting ready."",""speaker"":""B""}]",,,
focus-meaning,What does the woman mean?,She always works weekends.,She usually works weekends.,She sometimes works weekends.,She never works weekends.,C,หญิงชี้แจงว่าช่วงเสาร์-อาทิตย์ก็มีมารับงานบ้างนะแต่นานๆที 'Only once a month' (ทำงานเพียงเดือนละ 1 หน) หมายความว่าก็มีนั่นแหละแค่ไม่ใช่บ่อยๆ,B1,medium,9,"[{""text"":""Do you often work at the weekends?"",""speaker"":""A""},{""text"":""Only once a month."",""speaker"":""B""}]",,,
focus-meaning,What does the girl mean?,She never sees him there.,She always sees him there.,She sometimes sees him there.,She goes with him.,A,ผู้ชายมักจะออกมาสระว่ายน้ำตอนเช้าตรู่เสมอ ('always go early in the mornings') เป็นเหตุผลว่าตลอดเวลาที่ผ่านมาผู้หญิงจึงไม่เคยเจอเขาเลยสักหน,B1,medium,9,"[{""text"":""I like swimming."",""speaker"":""A""},{""text"":""I hardly ever see you at the pool."",""speaker"":""B""},{""text"":""I always go early in the mornings."",""speaker"":""A""}]",,,
focus-meaning,What does the man mean?,Someone will take her home.,Someone will find a hotel.,She can stay at someone’s house.,She should leave early.,C,ชายเพื่อนบอกว่า 'One of us can put you up' (หนึ่งในพวกเราสามารถให้พี่สาวพักอาศัยชั่วคราวได้) หมายถึงผู้หญิงสามารถอยู่ค้างเพื่อร่วมดูคอนเทนท์ยาวๆได้,B1,medium,9,"[{""text"":""It’s a shame you can’t see the film with us."",""speaker"":""A""},{""text"":""I wanted to but the buses stop early."",""speaker"":""B""},{""text"":""One of us can put you up."",""speaker"":""A""}]",,,
focus-meaning,Meaning?,The old curtains are too old.,He doesn’t want to change them.,He likes traditional curtains.,He wants different color.,B,สามีไม่อยากตัดผ้าม่านใหม่มาเปลี่ยนเพิ่ม เลยพูดไปว่า 'I'd rather keep the ones we've got' (พี่อยากใช้ของเดิมที่เรามีมากกว่าจ้า) คือผู้ชายไม่ต้องการเปลี่ยนมัน,B1,medium,9,"[{""text"":""I’m going to have new curtains made."",""speaker"":""A""},{""text"":""I’d rather keep the ones we’ve got."",""speaker"":""B""}]",,,
focus-meaning,Meaning?,Selling is a bad idea.,He agrees to sell it.,He doesn’t understand.,He refuses.,B,สามีพิจารณาเห็นด้วยจึงตอบสบายๆว่า 'I don't see why not' (ผมก็ไม่เห็นข้อห้ามอะไรที่จะขายตรงไหน) คือได้สิ สามีอนุมัติด้วยประการทั้งปวงต่อไอเดียที่จะขายห้องนี้ทิ้งสะ,B1,medium,9,"[{""text"":""This apartment is too small. Should we sell it?"",""speaker"":""A""},{""text"":""I don’t see why not."",""speaker"":""B""}]",,,
focus-meaning,What does the teacher mean?,You forget bags often.,Remember next time.,Remember to take your bag.,Your bag is missing.,C,คุณครูพูดว่า 'Don't forget your bag.' (ทีหลังห้ามลืมกระเป๋านะ) คืือเป็นการเเจ้งเตือนนักเรียนว่าให้อย่าให้ซ้ำรอยเพื่อเอาของสำคัญติดตัวกลับไป,B1,medium,9,"[{""text"":""Don’t forget your bag."",""speaker"":""A""},{""text"":""That bag isn’t mine."",""speaker"":""B""}]",,,
focus-meaning,Meaning?,She wants another piece.,She wants to know where to buy it.,She wants to know how to make it.,She wants to sell it.,C,ผู้หญิงบอกทานแล้วละมุนสุดตัว 'You must give me the recipe' (เธอต้องกระซิบบอกสูตรมาเดียวนี้นะจ้ะ) แเปลว่าเธอมีความต้องการอย่างยิ่งที่จะอยากรู้วิธีประกอบอาหาร,B1,medium,9,"[{""text"":""This pie is delicious. You must give me the recipe."",""speaker"":""A""}]",,,
focus-meaning,Meaning?,He isn’t good at remembering names.,He remembers names well.,He remembers some names.,He forgets everything.,A,คนพูดบอก 'hopeless at remembering names' (มีปัญหาอย่างรุนแรงกับการจดจำชื่อชาวบ้านเสมอ) แปลว่าตัวเขาไม่ใช่คนเก่งในการนึกชื่อคนแบบอัตโนมัติ,B1,medium,9,"[{""text"":""Have you got a good memory?"",""speaker"":""A""},{""text"":""I’m hopeless at remembering names."",""speaker"":""B""}]",,,
focus-meaning,Meaning?,She needs a new dentist.,She wants a dentist to check her tooth.,She must not miss appointment.,She wants medicine.,B,ชายทักเตือนห่วงใยว่าผู้หญิงกำลังเครียดฟันซี่นั้น ('worrying about that tooth') แปลสะท้อนว่าผู้หญิงตั้งใจที่จะอยากให้ทันตแพทย์เช็คฟันรักษามันเสียที,B1,medium,9,"[{""text"":""I need to make an appointment at the dentist’s."",""speaker"":""A""},{""text"":""You’ve been worrying about that tooth."",""speaker"":""B""}]",,,
focus-meaning,Meaning?,He started his job recently.,He will leave job soon.,He works too much.,He will get promotion soon.,A,ผู้ชายบอกว่ายังคงมีเวลาอีกนาน ('too soon for me') แสดงว่ามันแค่เพิ่งเข้าทำงานเท่านั้น การได้ขยับตำแหน่งงานเลื่อนขีดขั้นจึงไม่น่าเกิดขึ้นในเวลาอีนใกล้,B1,medium,10,"[{""text"":""Do you think you’ll get a promotion?"",""speaker"":""A""},{""text"":""I think so."",""speaker"":""B""},{""text"":""It’s probably too soon for me."",""speaker"":""A""}]",,,
focus-meaning,Meaning?,She must take more classes.,She must quit job.,She wants more flexibility.,She hates classes.,C,ผู้หญิงบ่นๆ เรื่องเงื่อนไขจำกัด 'My job limits what I can choose' (สถานภาพการทำงานจำกัดสิ่งที่ฉันเลือกได้) หมายความว่าเธอตั้งใจอยากจะได้อิสระและความยืดหยุ่นกว่าที่เป็น,B1,medium,10,"[{""text"":""Have you finalized your schedule?"",""speaker"":""A""},{""text"":""My job limits what I can choose."",""speaker"":""B""}]",,,
focus-meaning,Meaning?,He should call repair shop.,He can use her computer.,He should buy a new computer.,She will repair it.,B,ผู้หญิงถามชายที่มีปัญหากับคอมพังว่า 'Do you want to use mine?' (เครื่องฉันว่างนะสนใจยืมชั่วคราวไหม) เป็นการแสดงน้ำใจให้ผู้ชายขอยืมคอมตัวเองได้,B1,medium,10,"[{""text"":""My computer is broken again."",""speaker"":""A""},{""text"":""Do you want to use mine?"",""speaker"":""B""}]",,,
focus-meaning,Meaning?,Was it difficult?,Was it scary?,Was it as good as people say?,Was it expensive?,C,ชายถามเพื่อนผู้กล้าโดดร่มว่า 'everything it was cracked up to be?' (สรุปที่โดดไปมันสุดติ่งคุ้มจริงจังตามที่เขากล่าวขานจริงป่ะ) เป็นสำนวนแปลว่า มันดีงามสมคำร่ำลือหรือเปล่า,B1,medium,10,"[{""text"":""Was parachute jumping everything it was cracked up to be?"",""speaker"":""A""}]",,,
focus-meaning,Meaning?,It ended quickly.,It took a long time.,It was expensive.,It was boring.,B,ตัวหญิงอธิบายความน่าเบื่อในช่วงที่ต้อง 'hanging around' (ลอยชาย/รอนาน) เป็นการบ่งบอกบรรยากาศและลักษณะว่ากิจกรรมมันต้องใช้เวลาเผ่านไปนานมากๆ,B1,medium,10,"[{""text"":""There was a lot of hanging around though."",""speaker"":""A""}]",,,
focus-meaning,Meaning?,You were late today.,You don’t try hard.,Ask about class time.,You skipped class.,A,ผู้สอนย้ำเพื่อกระตุ้น 'Make an effort to come to class on time tomorrow' (พรุ่งนี้พยายามตั้งหน้าตั้งตามาก่อนเข้าคลาสมั่งนะ) ความหมายเชิงลบเล็กๆคือนักเรียนเพิ่งเข้าคลาสสายในวันนี้,B1,medium,10,"[{""text"":""Make an effort to come to class on time tomorrow."",""speaker"":""A""}]",,,
focus-meaning,Meaning?,It’s not her computer.,You can’t use it.,She cannot make that decision.,It is broken.,C,เจ้าของบอกไม่มั่นใจ 'That's not really up to me' (มันไม่ใช่เรื่องที่ฉันจะตัดสินใจอนุมัติหรือยกให้ใครได้เลยนะ) ก็คือตัวเธอไม่มีอำนาจเบิกหรือตัดสินใจจ้า,B1,medium,10,"[{""text"":""May I use your computer next week?"",""speaker"":""A""},{""text"":""That’s not really up to me."",""speaker"":""B""}]",,,
focus-meaning,Meaning?,She prefers pasta.,She can cook with pasta instead of rice.,She needs both.,She hates rice.,B,ตัวผู้หญิงพูดประจวบเหมาะ 'I'll use pasta instead' (เดี๋ยวฉันใช้เส้นพาสต้ามาผัดแทน) คือหล่อนเตรียมทางหนีทีไล่แผนสำรองสามารถจัดการวัตถุดิบอื่นหุงแทนข้าวได้ไม่มีปัญหา,B1,medium,10,"[{""text"":""Is there rice in the cupboard?"",""speaker"":""A""},{""text"":""No, shall I get some?"",""speaker"":""B""},{""text"":""Don’t worry, I’ll use pasta instead."",""speaker"":""A""}]",,,
focus-meaning,Meaning?,He passed easily.,He got the highest score.,He failed the test.,He cheated.,B,เด็กชายบอกมาว่า 'I aced that test' (ทำข้อสอบดั่งเทพประทานทะลุเป้าเลย) เป็นภาษาพูด/วัยรุ่นที่มีความหมายว่า สอบได้ท็อปคะแนนสูงสุดปังๆระดับสูงสุดยอดเยี่ยม,B1,medium,10,"[{""text"":""I aced that test thanks to our study group."",""speaker"":""A""}]",,,
focus-meaning,Meaning?,She agrees and suggests meeting after class.,She disagrees.,She will study alone.,She cancels the plan.,A,ผู้หญิงอุทาน 'Great minds think alike!' (คนฉลาดมักใจตรงกันแบบนี้แหละ) หลังผชเสนอคิวต่อ คือเห็นชอบด้วยพร้อมเสนอแนะทันควันให้ไปทำงานหลังจบชั้นเรียน,B1,medium,10,"[{""text"":""Great minds think alike! How about after class?"",""speaker"":""A""}]",,,
focus-meaning,What does the woman mean?,The senator already sounds like a president.,The senator needs more experience to be president.,The senator has been giving more speeches recently.,—,A,เพื่อนทึ่งพูดชมว่านักการเมืองคนนั้น 'gives speeches like one' (สามารถให้สุนทรพจน์เฉียบขาดเหมือนคนมีตำแหน่งจริงๆ) บ่งบอกว่าเขาพรั่งพร้อมและเหมาะกับบทบาทประธานาธิบดีมากสุดๆ,B1,medium,10,"[{""text"":""Do you think the senator has a good chance of becoming the next president?"",""speaker"":""A""},{""text"":""Well he might be really young, but he certainly gives speeches like one."",""speaker"":""B""}]",,,
focus-meaning,What does the woman mean?,She doesn’t know what to do with her friend’s bag.,She won’t go out with her friend anymore.,She can’t explain her friend’s behavior.,—,C,ผู้หญิงรู้สึกมึน 'I'm not sure what to make of it.' หมายความว่าก็อธิบายอาการของเพื่อนสนิทที่สละที่นั่งแล้วหายตัวดื้อๆ ไม่ถูก ตัวผู้หญิงเองก็คาดเหตุผลล่วงหน้าไม่ได้,B1,medium,10,"[{""text"":""One moment my friend and I were having fun, and the next, she up and left with her bag."",""speaker"":""A""},{""text"":""Don’t worry. I’m sure it has nothing to do with you."",""speaker"":""B""}]",,,
focus-meaning,What does the man mean?,Where did you move home to?,Where did you go for your holiday?,Where did you spend your childhood?,—,C,ผู้ชายถามหยั่งเชิงสถานที่เด็กในความทรงจำ 'Where were you brought up?' (คุณนายไปโดนเลี้ยงให้โตๆมาจากแถบพื้นที่ไหนครับเนี้ย) ซึ่งแปลตามเซนส์คือชีวิตวัยเติบโตใช้อยู่สถานที่ไหนเป็นหลัก,B1,medium,10,"[{""text"":""Where were you brought up?"",""speaker"":""A""},{""text"":""In Australia."",""speaker"":""B""}]",,,
focus-meaning,What does the wife mean?,She needs to cancel her trip to visit her brother.,Her brother agreed to pay for the family vacation.,Her brother might stay home during the vacation.,—,C,ผู้หญิงวิเคราะห์พี่ชายว่า 'money is tight for him' (สถานภาพการเงินเขาค่อนข้างตึง/ช็อต) แปลว่าพี่ชายไม่น่ามีเงินมาร่วมเที่ยวทริปแพงๆ จึงอาจชวดพักอาศัยที่ห้องที่บ้านอดไปสังสรรค์,B1,medium,10,"[{""text"":""Is your brother still planning on joining us for summer vacation?"",""speaker"":""A""},{""text"":""It sounds like money is tight for him now, so I’m not sure he’ll be able to spend it with us."",""speaker"":""B""}]",,,
focus-meaning,What does the woman mean?,It's the man's fault they are late.,She doesn't mind the traffic.,He should drive faster.,—,A,ผญหยิบประโยคของผชขึ้นมาขยี้ 'You said the traffic would be light' มุ่งชี้ประเด็นชัดๆว่า ความผิดทั้งหมดมาจากเจ้าตัวที่ให้ความเชื่อมั่นว่ารถโล่ง ทำให้มาผิดเวลา,B1,medium,10,"[{""text"":""We're going to miss the start of the game, you know."",""speaker"":""A""},{""text"":""Yes. You said the traffic would be light on a Monday."",""speaker"":""B""},{""text"":""Well, it usually is."",""speaker"":""A""}]",,,
focus-meaning,What does the mother mean?,You should put them away.,I've told you where to find them.,You ought to know where they are.,—,C,แม่ออกโรงแย้งสวนกลับลูกสาวเลยว่า 'They're where you put them' (กางเกงที่ไปวางไว้ก็ตัวตรงจุดนั่นแหละไปกางดูสิ) บ่งบอกว่าลูกก็ต้องหัดจำเสียเองสิเอาไปยัดตรงไหน,B1,medium,10,"[{""text"":""Mum, where are my jeans?Mother: They're where you put them, Lucy."",""speaker"":""A""}]",,,
focus-meaning,What does the woman mean?,She is finished with her work.,She works every day of the week.,She works on Saturday and Sunday.,—,C,"ในเมื่อผู้หญิงบอกปฏิเสธแต่ไปเน้นที่วันหยุด 'No, I only work on weekends' จุดมุ่งหมายคือแปลตัวความหมายได้ชัดว่าก็ทำงานเฉพาะคิวตารางที่มีคือวันเสาร์กับอาทิตย์เท่านั้น",B1,medium,10,"[{""text"":""Do you work on Mondays?"",""speaker"":""A""},{""text"":""No, I only work on weekends."",""speaker"":""B""}]",,,
focus-meaning,What does the woman mean?,She works until 2 p.m.,She begins work at 2 p.m.,She finishes work at 10 a.m.,—,A,เพื่อนผู้หญิงระบุกติกาขอบเขตงานว่ารับกะตั้งเเต่ช่วงเวลา '10 a.m. to 2 p.m.' ส่งผลสรุปใจความย่อได้ว่า เวลาเสร็จสิ้นกิจกรรมที่ต้องสแตนด์บายของเธอคือสิ้นสุดลงในเวลาบ่ายสองของวัน,B1,medium,10,"[{""text"":""What time do you finish work today?"",""speaker"":""A""},{""text"":""I work from 10 a.m. to 2 p.m."",""speaker"":""B""}]",,,
focus-meaning,What does the woman mean?,I don't have it.,I am looking for it.,I can give it to you.,—,C,พอดนตรีพนักงานถามหาพจจนานุกรม ผู้หญิงใจดีให้ความร่วมมือ 'Sure. No problem.' (เอาสิเจ้านาย ไม่มีประเด็น) แสดงว่าเธอพร้อมกระตือรือร้นสามารถหยิบยืนของตรงหน้าเเจกจ่ายให้,B1,medium,10,"[{""text"":""Excuse me. Can you pass me the dictionary?"",""speaker"":""A""},{""text"":""Sure. No problem. Here you are."",""speaker"":""B""}]",,,
focus-meaning,What does the woman mean?,She often talks about family holidays.,She rarely got to see her cousins on holidays.,She usually traveled long distances for holidays.,—,B,หญิงสาวบอกแผ่วๆบ่นเล่าถึงชีวิตหลีกตัวความเหงาแต่ก่อนว่า 'Mine lived so far away' (ญาติฝั่งบ้านฉันดันอาศัยอยู่ห่างไกล) หมายความว่าโอกาสแกร่วไปดวลปาร์ตี้จึงไม่มีง่ายๆ ได้เจอน้อยครั้งสุดๆ,B1,medium,10,"[{""text"":""When I was growing up, my cousin’s family would always come over to our place for the holidays."",""speaker"":""A""},{""text"":""I wish I could say the same! Mine lived so far away."",""speaker"":""B""},{""text"":""Yes, we were pretty fortunate."",""speaker"":""A""}]",,,
focus-meaning,What does the woman mean?,She doesn't know the artist.,She doesn't like the painting.,She doesn't understand the question.,—,B,ฝ่ายคนดูแอบแคลงใจและตอบกลับรวดเร็ว 'Do you really think so?' (เหรอ คุณคิดว่าเป็นจริงขนาดนั่นเลยป้ะ) โดยปกติเชิงอนุมานความหมายมันคือการที่เธอทักท้วงและไม่นิยมชมชอบศิลปิน/ภาพชิ้นนั่น,B1,medium,11,"[{""text"":""Isn't he a great painter?"",""speaker"":""A""},{""text"":""Do you really think so? I'm not so sure."",""speaker"":""B""}]",,,
focus-meaning,What does the woman mean?,She tried different foods at the hotel.,She did not eat at the hotel.,She did not like the hotel.,—,C,ผู้หญิงวิจารณ์ทริปลงแรงมาว่าบรรยากาศ 'the food was better than the hotel' (ในมุมมองอาหารการกินเด็ดกว่าโรมแรมหลักอีกอ่ะนะ) ให้ตีความคือเธอประทับใจอาหารเเต่โรงแรมกลับทำได้ไม่เอาไหนน่าผิดหวัง,B1,medium,11,"[{""text"":""How was your vacation?"",""speaker"":""A""},{""text"":""Well, the food was better than the hotel."",""speaker"":""B""}]",,,
focus-meaning,What does the man mean?,He is inviting the woman to the museum.,He wants to know if she liked the museum.,He thinks the woman should go to the museum.,—,C,ชายที่แนะนำนั้นบอกว่า 'visit the museum' (อย่าลืมแวะโชว์ไปพิพิธภัณฑ์ศิลปะเด็ดขาด) คือการที่ชายโยนความคาดหวังให้เธอเข้าไปสัมผัสสถานที่ใหม่แห่งนี้เมื่อวคราวเดินทางไปนคร,B1,medium,11,"[{""text"":""If you go to New York, visit the museum."",""speaker"":""A""},{""text"":""I went last year. It was great."",""speaker"":""B""}]",,,
focus-meaning,What does the woman mean?,I don't think Jack is annoying.,I think you are right about Jack.,I've changed my mind about Jack.,—,B,ผู้หญิงบอกเสริมเข้าไปว่า 'I couldn't agree more' (ไม่มีอะไรที่ฉันจะสามารถเห็นชอบด้วยไปกว่าประโยคนี้อีกแล้วล่ะ = เห็นด้วยสุดติ่ง) หมายความว่าเราคิดเหมือนนายเป๊ะทุกข้อสรุปเลยทีเดียวล่ะ,B1,medium,11,"[{""text"":""Jack is so annoying."",""speaker"":""A""},{""text"":""I couldn't agree more."",""speaker"":""B""}]",,,
focus-meaning,What does the woman mean?,She won't have to pay a fine for driving too fast.,She didn't understand the policeman.,The policeman said the road was dangerous.,—,A,ประโยคจากปากฝั่งผู้คุมจราจรได้เตือนไว้คือ 'letting me off with just a warning' (ถูกปล่อยตัวมาพร้อมกับแค่เสียงสั่งสอนเท่านั้น) นำมาซึ่งข่าวดีคือหญิงขับรถซิ่งคนนี้ไม่ต้องถูกปรับหรือจับเข้ากรงเลย,B1,medium,11,"[{""text"":""Did you get a speeding ticket? What did the policeman say?"",""speaker"":""A""},{""text"":""He said he was letting me off with just a warning."",""speaker"":""B""}]",,,
focus-meaning,What does the man mean?,His mother isn't sick anymore.,He doesn't see his mother often.,His mother still doesn't feel very well.,—,A,การที่ผู้ชายรายงานอาการของสุดที่รักมาว่าคุณแม่ 'feeling much better.' (สัมผัสได้ถึงสภาวะที่ปังที่โอเคขึ้นเยอะมากก) ส่งท้ายความหมายคือคุณแม่ของเขานั่นได้หายเจ็บไข้พ้นช่วงเวลาป่วยร้ายๆ เติบโตแข็งแรงแล้ว,B1,medium,11,"[{""text"":""How is your mother going?"",""speaker"":""A""},{""text"":""She's feeling much better. Thanks."",""speaker"":""B""}]",,,
focus-meaning,What does the man mean?,He can't do the dishes later.,He wants the woman to wash the dishes.,The woman doesn't need to wash the dishes.,—,C,เมื่อฝ่ายชายแจ้งว่าจะชดเชยการลืมล้างแบบนี้ด้วยว่า 'I did them when I got home' (ชิวๆน้าเค้าล้างจานทำอะไรให้เสร็จทันทีที่มาถึงบ้านเเล้ว) ฝ่ายผู้หญิงก็เลยรอดสบาย ไม่ต้องง้อเข้ากะล้างจานต่อดึกๆดื่นๆ,B1,medium,11,"[{""text"":""I'm sorry, I forgot to wash the dishes this morning."",""speaker"":""A""},{""text"":""It's okay. I did them when I got home."",""speaker"":""B""}]",,,
focus-meaning,What does the man mean?,He prefers staying at home this time.,He always goes to the same place for vacation.,He wants to travel to a place with cool weather.,—,C,ผู้ชายแจ้งสาเหตุย้ำๆ ว่าตนเองทนร้อนกับอุณหภูมิอากาศนี้ไม่ได้ ('can't stand the heat') คือหมายถึงเขาไม่อยากไปใกล้ความร้อน ทำให้ต้องหนีกระเสือกกระสนที่จะเลือกจุดหมายปลายทางให้เป็นบรรยากาศเย็นสบายตัวขึ้น,B1,medium,11,"[{""text"":""Where are you going for summer vacation?"",""speaker"":""A""},{""text"":""Definitely somewhere away from here. I can't stand the heat."",""speaker"":""B""}]",,,
focus-meaning,What does the father mean?,He wants to go with his son.,He will talk to his son later.,He needs his son's phone.,—,B,คุณพ่อส่งลูกหลานขึ้นบขสเสร็จบอกว่ามีธุระ 'Give me a call tonight.' ฝ่ายพ่อจะอยากติดต่อคุยอะไรนิดหน่อย หมายความถึงการกระทำว่า ตัวคุณพ่อนั่นเองยินยอมเเละจะดำเนินการติดต่อพูดคลุกคลีอีกครั้งช่วงค่ำคืนนี้แน่นอน,B1,medium,11,"[{""text"":""Are you leaving now?"",""speaker"":""A""},{""text"":""Yes, the bus is here."",""speaker"":""B""},{""text"":""Okay. Give me a call tonight."",""speaker"":""A""}]",,,
focus-meaning,What does the woman mean?,The restaurant is close to school.,People will have dinner on the beach.,The class will meet at the main building.,—,A,จากเส้นทางการนัด ร้านดินเนอร์ยอดฮิตนั้นหางายเพราะไปกระจุก 'next to the main school building' เป็นป้ายตัวชี้จุดหมายได้ดีให้รู้ชัดๆเลยว่า ระยะระหว่างร้านเป้าหมายมันชิดแทบทะลุกับตัวกำแพงตึกของโครงสร้างสถานการศึกษา,B1,medium,11,"[{""text"":""Do you know where the class is meeting for dinner?"",""speaker"":""A""},{""text"":""At Thai Lotus Restaurant, right next to the main school building."",""speaker"":""B""}]",,,
focus-meaning,What does the woman mean?,She likes many types of art.,She wants to learn more about art.,She prefers not to share her opinion.,—,A,คนถูกทักบอกปัดตอบกลับว่าจริงๆ 'tastes is so fixed' (รสนิยมฉันไม่ได้คับแคบทายไม่ได้จ้ะ) สัมผัสความรู้สึกนี้แสดงถึงธรรมชาติของหญิงที่เธอเปิดกว้างใจยอมรับศิลปะได้แบบหลາກสไตล์ ไม่มีกรอบข้อบัญญัติใดๆมาตีกั้นความอินดี้ส่วนตัวได้,B1,medium,11,"[{""text"":""How would you describe your taste in art?"",""speaker"":""A""},{""text"":""Oh, I can't really say my taste is so fixed."",""speaker"":""B""}]",,,
focus-meaning,What does the husband mean?,The wife should do things faster.,The wife ought to go to sleep earlier.,The wife needs more time to get ready.,—,A,สามีบ่นแควะคนสวยว่าสาเหตุที่เสียเวลาเนี่ยเพราะ 'you take your time getting ready' (เธอก็ยื้อเวลาและโอ้เอ้เอาแต่เเต่งองค์ทรงเครื่องช้าเองนินา) เป็นสารอ้อมโลกคอยเหน็บว่าก็เธอน่าจะเตรียมการให้ไวกว่านี้เยอะก็สิ้นเรื่อง,B1,medium,11,"[{""text"":""I've been so late leaving for work in the morning."",""speaker"":""A""},{""text"":""That's because you take your time getting ready."",""speaker"":""B""}]",,,
focus-meaning,What does the man mean?,Have you practiced your presentation yet?,Did someone help you with your presentation?,Do you want me to listen to your presentation?,—,C,ชายเพื่อนแสนใจดีบอกข้อจำกัดว่า 'Would it help to practice? I'm right here.' (สนจะดึงเค้าไปเสริมเพื่อซ้อมให้มั่นใจก่อนลงสนามป่าว ตัวก็ยืนรับใช้อยู่นิไง) เป็นการเสนอแง่ที่ต้องการอาสาเล่นแผลงๆทดลองตั้งใจฟังพรีเซนต์เผื่อว่าเธอจะรับออฟเฟอร์,B1,medium,11,"[{""text"":""I'm giving a presentation at work tomorrow and I'm so nervous."",""speaker"":""A""},{""text"":""Would it help to practice? I'm right here."",""speaker"":""B""}]",,,
focus-meaning,What does the man mean?,He won't wash his car.,His car isn't very dirty.,He doesn't like the rain.,—,A,ฝ่ายชายตกลงพิจารณาและเบรคกิริยาไม่ล้างรถแล้วดีกว่าเพราะเดี๋ยวฝนโปรยลงมาแหงม 'not going to bother washing' สิ่งที่เกิดขึ้นคือเขากลายเป็นคนขี้เกียจ ไม่ยอมทำตามขั้นตอนการล้างเปียกฉ่ำและไม่ไปคาร์ปาร์ดอีกเลย,B1,medium,11,"[{""text"":""I'm not going to bother washing the car. It's going to rain later."",""speaker"":""A""},{""text"":""Yes, I heard that on the news this morning."",""speaker"":""B""}]",,,
focus-meaning,What does the man mean?,The book was very difficult.,It took one day to read the book.,He was too busy to finish the book.,—,A,หนุ่มใหญ่วัยฉกรรจ์ประเมินตำราเรียนว่าเอาจริงๆนะ 'had a hard time with a lot of it' (เผชิญชะตากรรมดิ้นรนเจียนตายเลยกว่าจะรอดผ่านจุดเหล่านั้นมา) สรุปจากแก่นแท้ก็คือวรรณกรรมของบทนี้มันมีรายละเอียดที่โหดหินสุดยากมากๆ,B1,medium,11,"[{""text"":""What did you think of that book?"",""speaker"":""A""},{""text"":""I had a hard time with a lot of it."",""speaker"":""B""}]",,,
focus-meaning,What does the woman mean?,The man needs to call the computer repair store.,The man can use the woman's computer.,The man should buy a new computer.,—,B,ผญหยิบข้อเสนอที่ให้ประโยชน์มากกว่าเพื่อแก้ไขเหตุวิกฤต 'Do you want to use mine?' (งั้นแล็บทอปในเคสฉุกเฉินนี่ขอให้ใช้ของเค้าแก้ขัดแทนมั้ยตัว) จากสถานการณ์ผู้ชายถือดีว่ามีสิทธิ์ที่จะคว้าเเละใช้คอมหล่อนแทนเป็นการบรรเทาสถานะตอนนี้ได้,B1,medium,11,"[{""text"":""I really need to take my computer to the shop. It's broken again."",""speaker"":""A""},{""text"":""Do you want to use mine?"",""speaker"":""B""}]",,,
focus-meaning,What does the woman mean by her FIRST statement?,She wants to help the man fix his computer.,She believes the man needs to buy a new computer.,She thinks the man needs to use the computer more.,—,C,มนุษย์แม่ตำหนิฝ่ายรับเข้าเต็มๆหูเลยว่า 'You need to get with the times!' (นี่มันยุคไหนละ โฉมหน้านายควรทำตัวให้ทันกับเครื่องไม้ประดับอัจฉริยะซะบ้างสิ!) ขยายบริบทของประโยคนี้แสดงการเน้นความคาดหวังให้ฝึกปรือเล่นเครื่องโน้ตบุ๊กเทคโนโลยีบ้าง,B1,medium,11,"[{""text"":""Are you still writing letters by hand? I can't believe it. You need to get with the times!"",""speaker"":""A""},{""text"":""What do you mean?"",""speaker"":""B""},{""text"":""I got you this computer last year and you've hardly touched it."",""speaker"":""A""}]",,,
focus-meaning,What does the man mean by his FIRST comment?,He regularly saw his cousins during the holidays.,He often traveled to his cousin's house for holidays.,He wishes he could see his cousins during holidays.,—,A,สิ่งที่เกิดประจำของบ้านก็คือตัวบรรดาญาติๆๆๆๆพี่น้อง 'would always come over' คือมักจะดิ่งมาสิงที่ลานจอดกางเต็นท์ทที่บ้านหลักตลอดในวันหยุดต่างๆนานา มันสะท้อนว่าทุกๆฤดูเทศกาลความจริงพวกเขาโคตรจะใกล้ชิดและเจอหน้าสังสรรค์กันตลอดเวลา,B1,medium,11,"[{""text"":""When I was growing up, my cousin's family would always come over to our place for the holidays."",""speaker"":""A""},{""text"":""I wish I could say the same. Mine lived so far away."",""speaker"":""B""},{""text"":""Yes, we were pretty fortunate."",""speaker"":""A""}]",,,
focus-meaning,What does the woman mean?,She often likes to talk about family holidays.,She rarely got to see her cousins on holidays.,She usually traveled long distances for holidays.,—,B,ประวัติวัยเยาว์หญิงสาวบอกปัดความรู้สึกฟินๆแบบนั้นไปเลยอ้างว่าญาติตัวเองพักอยู่ไกลแสนไกล ('Mine lived so far away') ซึ่งก็ตรงประเด็นมากว่าเมื่อก่อนระยะทางคืออุปสรรคจึงทำให้กลุ่มตระกูลพวกเขาโคตรจะแทบขาดโอกาสใช้ชีวิตมารวมตัวเฮฮาด้วยกันเลย,B1,medium,11,"[{""text"":""When I was growing up, my cousin's family would always come over to our place for the holidays."",""speaker"":""A""},{""text"":""I wish I could say the same. Mine lived so far away."",""speaker"":""B""},{""text"":""Yes, we were pretty fortunate."",""speaker"":""A""}]",,,
focus-meaning,What does the woman mean?,The professor gave useful homework.,The professor was helpful to his students.,The professor presented interesting lecture topics.,—,B,ผู้หญิงเชียร์ว่าที่ปรึกษาวิชาเป็นสุดยอดครูเพราะ 'bends over backwards' (คือระดับตัวพ่อลั่นโหมโรงขวนขวายทำสิ่งยากดุจนายพรานเพื่อช่วยเหลือลูกศิษย์เต็มคาราเบล) อันเป็นที่เข้าใจแล้วว่าอาจารญ์คนนี้มีความตั้งใจและสละเวลาทุ่มพลังช่วยเหลือเหล่านักศึกษาตลอด,B1,medium,11,"[{""text"":""I hear this professor's class is challenging."",""speaker"":""A""},{""text"":""Actually, he really bends over backwards for us with those extra sessions."",""speaker"":""B""}]",,,
focus-meaning,What does the man mean?,He can't find his keys.,He left his keys at work.,Somebody took his keys.,—,A,ฝั่งประโยคคำถามผู้หญิงสงสัยว่ารึนายลืมกุญแจไว้โซนโต้รุ่งทำงานใช่ไหมที่รัก ('Did you have them at work?') เมื่อมาประเมินรวมกับอาการร้อนรุ่มที่ผู้ชายร่ายหา แสดงว่าเขาสิ้นท่าในการหากุญแจและจนปัญญามืดแปดด้านที่จะรู้จุดเก็บรักษานางไว้ที่ไหนสักแห่งในตอนนี้,B1,medium,12,"[{""text"":""I've lost my keys!"",""speaker"":""A""},{""text"":""Did you have them at work?"",""speaker"":""B""}]",,,
focus-meaning,What does the man mean?,I can't see the clock from here.,I don't understand you.,I don't know the time.,—,C,หนุ่มยืนเฉยเบลอๆส่ายหัวตอบไม่สู้ด้วยประโยคว่า 'Sorry. I don't have a watch.' (อภัยให้กระผมด้วยนะนายจ๋า ที่ผ่านมาฉ้านนไม่ได้ครอบครองแม้กระทั้งนาฬิกาเลยขอรับ) เป็นการตีความได้ตรงๆว่าการที่ไม่ถือหาสัญญาณหน้าปัดนาฬิกานั่นก็เท่ากับตัวผชไม่อาจล่วงรู้เวลาว่าบัดนี้เป็นกี่โมงตามคำขอของนางรึ,B1,medium,12,"[{""text"":""What time is it? I think I'm late."",""speaker"":""A""},{""text"":""Sorry. I don't have a watch."",""speaker"":""B""}]",,,
focus-meaning,What does the man mean?,He spent a long time in China.,He visited China a long time ago.,He has wanted to go to China for a long time.,—,B,ชายพูดเสริมลอยๆเชิงกระเซ้าเย้าแหย่ถึงอดีตว่าจริงๆ 'I haven't been there in years.' (ในทริปช่วงจีนแผ่นดินใหญ่นี่ข้าน้อยไม่ได้ลงจอจอดทอดเรือนับหลายขวบปีแล่ว) ชี้เป็นชี้ตายความหมายก็คือนับย้อนหลังทริปท่องเที่ยวที่ว่านี้เขาเพิ่งเคยจะได้ผงาดไปแอ่วชมเมื่อนมนานมาแล้วในยุคหนึ่งแค่นั้นเอง,B1,medium,12,"[{""text"":""Our family loves to travel. We just came back from China."",""speaker"":""A""},{""text"":""You're so lucky. I haven't been there in years."",""speaker"":""B""}]",,,
focus-meaning,What does the woman mean?,She wants to know where the man was during the meeting.,She is explaining why she couldn't attend the meeting.,She is asking what the meeting was about.,—,A,เมื่อฝ่ายกงสีหญิงเข้ามาเคลียร์และถามไถ่ว่า 'What was up?' (มีเรื่องป่วนประสาทอันใดหรือถึงพลาดเข้าซุ้มประชุมวันนี้จ้ะเพื่อน) ซึ่งเป็นการซักไซ้เจาะจงความอยากรู้เพื่อไต่สวนหาตอเหตุลึกลงไปว่าผู้ชายได้ซุกตัวหายตัวหลบค่ายอยู่ที่หนไดในวิกฤติช่วงตอนทำประชาคม,B1,medium,12,"[{""text"":""We missed you at the meeting this morning. What was up?"",""speaker"":""A""},{""text"":""I got caught up on a phone call until noon."",""speaker"":""B""}]",,,
focus-meaning,What does the woman mean?,The woman doesn't know what to do with her friend's bag.,The woman won't go out with her friend anymore.,The woman can't explain her friend's behavior.,—,C,สาวอิมพอร์ตหงุดหงิดใจกับเพื่อนสุดพิลึกแล้วได้ระบายออกชัดว่า 'I'm not sure what to make of it.' หมายความว่าแอบเหงื่อแห้งตายและมึนตึบที่จู่ๆเพือนสนิทรีบโหมกระพุนหายตัวปัดตูดเดินหนี เลยหาเหตุและผลเชื่อมโยงไม่ปะประติดประต่อไม่ได้แน่ชัดว่าอะไรชักใยอาการอันน่างุนงงนี้หลังการหิ้วแฟ้มกระเผ่น,B1,medium,12,"[{""text"":""One moment my friend and I were having fun, and the next she up and left with her bag. I'm not sure what to make of it."",""speaker"":""A""},{""text"":""Don't worry. I'm sure it has nothing to do with you."",""speaker"":""B""}]",,,
focus-meaning,What does the man mean?,He wishes he had seen the interview.,He decided not to watch the interview.,He plans to watch the news more often.,—,A,"คนผู้ชายฟาดไหล่ตบเข่าบ่นเสียดายโอกาสอันสูญหายด้วยคำพูดที่ว่า 'If I had known it was on, I would have been sure to watch.' แสดงถึงมิติเวลาคู่ขนานว่าจริงๆแล้วลึกๆในหลืบใจนั้นนายคนนี้เฝ้าถวิลหาตั้งหน้ารอดูให้ลุล่วงแล้วและเสียดายมากๆที่เป็นคนพลาดที่จะไม่ได้เชยชมสัมภาษณ์ที่ออกรายการซะนี่",B1,medium,12,"[{""text"":""Hey, did you catch my interview on News Tonight?"",""speaker"":""A""},{""text"":""No. If I had known it was on, I would have been sure to watch."",""speaker"":""B""}]",,,
focus-meaning,What does the man mean?,He paid someone to plant the bushes.,He planted the bushes very quickly.,He is a professional gardener.,—,A,นายสวนกลับเลยทำแปปเดียวแหละเรื่องปลูกเนี่ยเพราะเค้ามีดีกรีจ้างมือโปรมาเนรมิตให้อย่างไว ('had it done professionally') ก็คือตอบเป็นภาษาตรงตัวโดยไม่ต้องสงสัยเลยว่านายตัวดีเนี้ยเขายอมเสียอัฐกระเป๋าไปกับการหาใครสักคนยอดฝีมือมือมารับจ๊อบพรวนดินขุดปลูกพุ่มไม้แทนกำลังแรงกายของตนเองเลยนั่านเอง,B1,medium,12,"[{""text"":""I love what you've done with your backyard. How long did it take you to plant all those bushes?"",""speaker"":""A""},{""text"":""No time at all. I had it done professionally."",""speaker"":""B""}]",,,
focus-meaning,What does the woman mean?,The man should avoid calling attention to himself.,The man has to think of a new way to try to relax.,The man needs to prepare himself carefully for the trial.,—,A,เพื่อนผู้แสนดีมีชั้นเชิงปลอบขวัญสั่งเลยให้สงวนและห้ามแผลงฤทธิ์ท่าทีไปก่อนช่วงนี้ ('keep a low profile') แปลว่าตามหลักมารยาทแล้วนี่คือคำแนะนำเด็ดเพื่อจะเฝ้าระวังผู้ชายไม่ให้ทำตัวบ้าระห่ำเรียกความสนใจของมวลมหาประชาชนเข้ามาดึงดูดสถานะตนเองให้ซวยและเข้าตัวจนท้าทายศาล,B1,medium,12,"[{""text"":""I'm getting really nervous about the trial."",""speaker"":""A""},{""text"":""I imagine you would be. It might be best to keep a low profile for a while."",""speaker"":""B""}]",,,
focus-meaning,What does the woman mean?,The man shouldn't bother taking the class.,She would take the class if it weren't so difficult.,There are already too many students in the class.,—,A,ฝั่งชายอิดออดโวยวายบ่นว่าเสียวสยอง เด็กหญิงจึงสนับสนุนและโต้ประโยคในทางเดียวกันว่า 'it's supposed to be impossible' แปลความหมายอย่างตรงไปตรงมาว่าเธอเชื่อและมีอุดมคติฝังหัวเลยว่าไอรายวิชาบ้าบอที่สุดหินนี้ตัวผู้ชายผู้แสนจะยุ่งวุ่นวายรายนี้ไม่ควรจะกระโดดเข้าไปเป็นนักศึกษาทดลองสมัครวิชานี้เพื่อถล่มจิตใจเปล่าๆ,B1,medium,12,"[{""text"":""I have a feeling I'll regret enrolling in the World History class."",""speaker"":""A""},{""text"":""Yeah, it's supposed to be impossible. Plus, you're already very busy."",""speaker"":""B""}]",,,
focus-meaning,What does the husband mean?,His sister might stay home during the vacation.,He needs to cancel his trip to visit his sister.,His sister agreed to pay for the family vacation.,—,A,หนุ่มสามีประเมินน้องของสาวๆว่า 'money is tight for her right now.' (สถานภาพการเงินเขาค่อนข้างตึงช็อตจนชักหน้าไม่ถึงหลังดึงเหงื่อเชียวล่ะนทีนี้) แปลว่ารายนี้น้องส่าวของเขาไม่น่าเหลือทรัพยสินมาร่วมทำทุนดวงเที่ยวทริปสกีแพงๆ จึงอาจเป็นผู้แพ้หมดโอกาสชวดพักอาศัยที่ห้องที่บ้านไม่ได้มาปาร์ตี้เที่ยวเล่นสังสรรค์ในงานฤทธิ์นี้ด้วยแน่ๆเป็นอย่างยิ่ง,B1,medium,12,"[{""text"":""Is your sister still planning on joining us for winter vacation?"",""speaker"":""A""},{""text"":""I'm not sure she'll be able to spend it with us. It sounds like money is tight for her right now."",""speaker"":""B""}]",,,
focus-meaning,What does the man mean?,Liza Ferretti should admit she lost.,Few people voted for Liza Ferretti.,He agrees Liza Ferretti really won.,—,C,หญิงส่งประเด็นเริ่มเรื่องว่า Lisa โกงความตายเอาชนะนัดไปแล้ว ด้านฝ่ายหนุ่มก็เลยแย้งเชียร์ต่อให้ลุย 'challenge the result in court.' (พุ่งกระเเทกประชันเรียกร้องความจริงเบิกศาล) แสดงออกได้คือเขาเชื่อมั่นว่า Lisa สวมมงชนะลุกลามเหนือกว่าถึงต้องสนับสนุนเต็มร้อยว่าเธอจบนัดได้อย่างคู่ควรและสิทธิ์เป็นของหล่อนแน่นอน,B1,medium,12,"[{""text"":""I hear Liza Ferretti actually beat her opponent."",""speaker"":""A""},{""text"":""She should really challenge the result in court."",""speaker"":""B""}]",,,
focus-meaning,What does the man mean by his SECOND statement?,He will go to buy tickets.,He thinks there aren't any more tickets.,He wants to go to the same show as the woman.,He will cancel the plan.,A,หนุ่มลึกลับผู้ไม่ยอมแพ้ยืนกรานและจะทำการต่อไปบอกว่า 'I'm going to try anyway.' (ไม่ว่าโอกาสจะมืดบอดแต่เขายังคงจะดื้อดึงไปพยายามฝ่าต่อไป) เป็นสิ่งที่ชัดเจนแล้วละว่าเจตนารมณ์แท้จริงคือความมุ่งมั่นที่จะยังพยายามบุกทะลวงไปเข้าคิวซื้อและหาตั๋วเพื่อพาร่างเข้าโชวร์แห่งนั้นต่อชนิดที่ยอมเจ็บไม่ยอมตาย,B1,medium,12,"[{""text"":""Do you think we can get tickets for the show?"",""speaker"":""A""},{""text"":""I doubt it."",""speaker"":""B""},{""text"":""I'm going to try anyway."",""speaker"":""A""}]",,,
focus-meaning,What does the man mean?,He knows the town well.,He wants to live in the area.,His family owns the restaurant.,He likes cooking.,A,ฝ่ายชายบอกถึงความผูกพันธ์เส้นทางสัญจรผู้หญิงแบบภาคภูมิใจในทักษะตัวเองเป็นสำนวนเชิงว่า 'familiar with this area' (คุ้นเคยทางรูปร่างซอกซอยระแวกนี้เป็นเลิศช่ำชองนกกระจอก) คือการย่อความว่าการที่เขาตะลุยผ่านมรสุมและคุ้นเคยก็นำคำจำกัดความไปสู่ข้อยุติว่าตัวของเขานี่แหละเป็นผู้จัดแจ้งรอบรู้แผนที่ตรอกซอกซอยระแวกจุดตั้งร้านแถวทาวน์เมืองนั่นดีเลิศตบมุกได้,B1,medium,12,"[{""text"":""How do you know so many restaurants in town?"",""speaker"":""A""},{""text"":""I'm very familiar with this area."",""speaker"":""B""}]",,,
focus-meaning,What does the man mean?,I can't see the clock from here.,I don't understand you.,I don't know the time.,I don't like watches.,C,ผู้ชายทื่อๆตรงเด่บอกเลยว่าตนไม่ได้มีอุปกรณ์เครื่องจับเวลาไว้บนแขนสักทีเดียวนิ ('I don't have a watch.') จึงถือเป็นการขีดเส้นความจริงออกไปแบบลอยว่าตัวเขานั่นประสบเหตุที่ก็ดันบังเอิญไม่ทราบหรือไม่สามารถส่งคำตอบเวลาและชั่วโมงให้เจ้านายเจ้าขาได้รับรู้,B1,medium,12,"[{""text"":""What time is it? I think I'm late."",""speaker"":""A""},{""text"":""Sorry, I don't have a watch."",""speaker"":""B""}]",,,
focus-meaning,What does the woman mean?,What time do you want to leave?,How long will you be on the airplane?,When are you coming back from New York?,Which airline do you prefer?,A,ผู้หญิงถามทวนย้ำกลับเชิงธุรกิจเกี่ยวกับตั๋วมะกันและเวลาออกเดินทางเพื่อเก็บข้อมูลเพิ่มที่ว่า 'When would you like to fly?' (ในโอกาสนี้คุณลูกค้าอยากจะบินสยายปีกพุ่งวันไหนดีคะ) เป็นการทำหน้าที่ของพนักงานที่สอบถามเพื่อเจาะจงเวลาล่วงหน้าว่าคุณท่านต้องการอยากจะนัดหมายออกเดินทางก้าวออกนอกโลกทิ้งเครื่องที่เวลาโมงยามใดนั่นไง้,B1,medium,12,"[{""text"":""Good morning. I'd like to get a ticket to New York."",""speaker"":""A""},{""text"":""Of course. When would you like to fly?"",""speaker"":""B""}]",,,
focus-meaning,What does the woman mean?,There is no more chicken.,She does not like chicken.,She cannot eat any more chicken.,She wants another dish.,C,ผู้หญิงตอบปฏิเสธเด็ดขาดด้วยข้ออ้างเหตุผลมวลกายเพราะอิ่มจุกถึงคอแล้วว 'I'm full.' ดังนั้นเมื่อผู้ชายเชียร์ให้ทานเนื้อไก่ต่อ จึงตีความพยักพเยิดตอบแบบชัดพุ่งสุดๆว่า ณ โอกาสนี้เธอจะทานเพิ่มอีกไม่ไหวแล้วและถึงลิมิตจุดวิกฤตจนแทบจะยัดอะไรต่อมิอะไรเข้ากระเพาะอาหารไม่เข้าอีกต่อไปแร้ว,B1,medium,12,"[{""text"":""Would you like some more chicken?"",""speaker"":""A""},{""text"":""I'm full. Thanks, anyway."",""speaker"":""B""}]",,,
focus-meaning,What does the woman mean?,She doesn't want the job.,She can't start working now.,She didn't work for two weeks.,She will start tomorrow.,B,นางตัวแทนหญิงบอกรับจ๊อบสตาร์ทคิวตารางงานกันตั้งเเต่วินาทีนี้ทันทีไม่ได้นอกจากต้องเลื่อนไฟลต์เริ่มไปแตะถึง 2 วีคข้างหน้าแน่ะ 'can begin in two weeks.' นัยยะที่ซ่อนมาเพื่อต้องการสื่อก็เป็นการอธิบายให้เห็นภาพรวบยอดได้เลยว่าด้วยวาระในตอนนี้เธอต้องยกธงขาวไม่สามารถกระทำและเริ่มจับปฏิบัติงานในช่วงเวลานี้ไปอย่างไม่มีข้อกังขา,B1,medium,12,"[{""text"":""Can you start work immediately?"",""speaker"":""A""},{""text"":""No, but I can begin in two weeks."",""speaker"":""B""}]",,,
focus-meaning,What does the woman mean?,The interview will be very quick.,The interview will start very soon.,The interview will be at 10 o'clock.,The interview was cancelled.,B,ตัวพี่ชายหน้าตั้งเตือนสะกิดปลุกปั่นด้วยความหวาดเสียวว่า 'Hurry up. You'll be late.' (โว้ยยเร่งด่วนรีบเข้า เดี๋ยวมันจะชวดสายเอานะโว้ย) ซึ่งก็เป็นการย้ำว่าหมายกำหนดการของการที่สาวต้องไปนั่งเก้าอี้และจับเข่าสัมภาษณ์คุยงานต่างๆนานามันเริ่มบีบตูดเข้ามาและกำลังจะเริ่มเข้าฉากในอีกรวดเร็วมากๆในเวลาไม่กี่นาทีข้างหน้าแล้ว!,B1,medium,12,"[{""text"":""Oh no. My interview is in ten minutes."",""speaker"":""A""},{""text"":""Hurry up. You'll be late."",""speaker"":""B""}]",,,
focus-meaning,What does the man mean?,His mother isn't sick anymore.,He doesn't see his mother often.,His mother still doesn't feel very well.,His mother is in the hospital.,A,หลังนางสาวใจบุญเปิดบทถามไถ่ว่าไข้ใจแม่เป็นไงบ้าง เมื่อฝ่ายชายตอบอัปเดตสเตตัสสถานะของคุณแม่มาว่า 'feeling much better.' (สัมผัสได้ถึงอารมณ์บวกฟื้นฟูของสภาวะว่าแข็งแกร่งและดีขึ้นมากก) ท้ายนี้ก็สามารถนำไปสู่ข้อสรุปอันจริงแท้คือมารดาของเขานั่นได้จบหายเจ็บไข้รอดพ้นช่วงเวลาอาการป่วยทรมานสุดแย่และไม่ได้เป็นศพหรือป่วยสาหัสอีกต่อไป,B1,medium,12,"[{""text"":""How is your mother doing?"",""speaker"":""A""},{""text"":""She's feeling much better. Thanks."",""speaker"":""B""}]",,,
focus-meaning,What does the man mean?,He spent a long time in China.,He visited China a long time ago.,He has wanted to go to China for a long time.,He lives in China now.,B,ฝ่ายชายเล่าความหลังแบบพยักพเยิดว่าตนห่างหายไม่ได้ไปร่อนมาเป็นปีๆ นมนานมากๆ แล้ว ('haven't been there in years.') ท้ายสุดนึกถึงว่าทริปที่ดินแดนนั้นในอดีตทำให้ประมวลความหมายออกมาได้ฉลุยว่า ทริปการท่องเที่ยวที่อลังการของเขาในสถานที่นั้นมันจบยุคการเยือนผ่านล่วงช้าไปเป็นเวลายาวนานแสนนานมาแล้วอย่างแท้ทรู,B1,medium,12,"[{""text"":""Our family loves to travel. We just came back from China."",""speaker"":""A""},{""text"":""You're so lucky. I haven't been there in years."",""speaker"":""B""}]",,,